Id,Label
0,11.0
1,39.0
2,17.0
3,77.0
4,39.0
5,56.0
6,39.0
7,13.0
8,63.0
9,21.0
10,20.0
11,39.0
12,42.0
13,39.0
14,17.0
15,45.0
16,39.0
17,16.0
18,30.0
19,4.0
20,39.0
21,54.0
22,71.0
23,5.0
24,33.0
25,7.0
26,39.0
27,0.0
28,27.0
29,97.0
30,14.0
31,39.0
32,39.0
33,55.0
34,18.0
35,86.0
36,39.0
37,39.0
38,66.0
39,27.0
40,3.0
41,62.0
42,44.0
43,24.0
44,74.0
45,13.0
46,39.0
47,39.0
48,39.0
49,39.0
50,82.0
51,96.0
52,39.0
53,39.0
54,35.0
55,39.0
56,27.0
57,39.0
58,26.0
59,39.0
60,5.0
61,79.0
62,39.0
63,76.0
64,47.0
65,27.0
66,90.0
67,39.0
68,51.0
69,39.0
70,49.0
71,61.0
72,30.0
73,40.0
74,39.0
75,3.0
76,19.0
77,58.0
78,70.0
79,71.0
80,25.0
81,9.0
82,44.0
83,32.0
84,39.0
85,70.0
86,6.0
87,51.0
88,0.0
89,37.0
90,12.0
91,39.0
92,12.0
93,96.0
94,89.0
95,39.0
96,39.0
97,63.0
98,76.0
99,23.0
100,47.0
101,39.0
102,15.0
103,39.0
104,99.0
105,57.0
106,73.0
107,39.0
108,55.0
109,28.0
110,51.0
111,36.0
112,78.0
113,39.0
114,67.0
115,13.0
116,39.0
117,39.0
118,39.0
119,94.0
120,40.0
121,42.0
122,28.0
123,68.0
124,15.0
125,39.0
126,39.0
127,79.0
128,0.0
129,49.0
130,54.0
131,21.0
132,94.0
133,79.0
134,30.0
135,53.0
136,2.0
137,89.0
138,36.0
139,57.0
140,39.0
141,39.0
142,22.0
143,12.0
144,53.0
145,48.0
146,32.0
147,18.0
148,43.0
149,19.0
150,33.0
151,61.0
152,66.0
153,4.0
154,8.0
155,39.0
156,39.0
157,31.0
158,7.0
159,30.0
160,0.0
161,39.0
162,16.0
163,95.0
164,17.0
165,10.0
166,78.0
167,39.0
168,16.0
169,22.0
170,39.0
171,71.0
172,52.0
173,40.0
174,6.0
175,41.0
176,20.0
177,6.0
178,18.0
179,39.0
180,88.0
181,31.0
182,0.0
183,39.0
184,51.0
185,39.0
186,39.0
187,30.0
188,39.0
189,1.0
190,18.0
191,60.0
192,40.0
193,39.0
194,15.0
195,6.0
196,39.0
197,39.0
198,30.0
199,81.0
200,39.0
201,13.0
202,62.0
203,21.0
204,44.0
205,15.0
206,10.0
207,22.0
208,52.0
209,21.0
210,41.0
211,39.0
212,20.0
213,36.0
214,39.0
215,32.0
216,25.0
217,20.0
218,2.0
219,59.0
220,35.0
221,39.0
222,23.0
223,86.0
224,39.0
225,7.0
226,53.0
227,35.0
228,13.0
229,52.0
230,46.0
231,43.0
232,39.0
233,39.0
234,15.0
235,30.0
236,39.0
237,39.0
238,68.0
239,39.0
240,5.0
241,41.0
242,3.0
243,20.0
244,39.0
245,30.0
246,69.0
247,28.0
248,39.0
249,64.0
250,60.0
251,37.0
252,10.0
253,39.0
254,39.0
255,39.0
256,39.0
257,97.0
258,39.0
259,39.0
260,39.0
261,15.0
262,25.0
263,39.0
264,39.0
265,24.0
266,41.0
267,61.0
268,39.0
269,81.0
270,39.0
271,39.0
272,39.0
273,48.0
274,85.0
275,39.0
276,28.0
277,90.0
278,87.0
279,36.0
280,77.0
281,39.0
282,24.0
283,27.0
284,66.0
285,74.0
286,35.0
287,42.0
288,43.0
289,14.0
290,7.0
291,6.0
292,3.0
293,47.0
294,68.0
295,1.0
296,24.0
297,49.0
298,56.0
299,20.0
300,34.0
301,39.0
302,47.0
303,39.0
304,64.0
305,39.0
306,39.0
307,39.0
308,48.0
309,63.0
310,7.0
311,76.0
312,38.0
313,43.0
314,25.0
315,39.0
316,39.0
317,51.0
318,39.0
319,5.0
320,6.0
321,30.0
322,28.0
323,39.0
324,51.0
325,77.0
326,39.0
327,83.0
328,39.0
329,47.0
330,39.0
331,88.0
332,56.0
333,89.0
334,44.0
335,39.0
336,39.0
337,12.0
338,9.0
339,52.0
340,9.0
341,68.0
342,39.0
343,17.0
344,28.0
345,39.0
346,39.0
347,69.0
348,13.0
349,52.0
350,15.0
351,26.0
352,12.0
353,39.0
354,39.0
355,18.0
356,7.0
357,35.0
358,48.0
359,45.0
360,0.0
361,27.0
362,39.0
363,55.0
364,28.0
365,63.0
366,59.0
367,39.0
368,82.0
369,39.0
370,69.0
371,35.0
372,23.0
373,18.0
374,13.0
375,76.0
376,65.0
377,8.0
378,55.0
379,92.0
380,47.0
381,5.0
382,59.0
383,1.0
384,56.0
385,70.0
386,3.0
387,39.0
388,39.0
389,39.0
390,87.0
391,26.0
392,5.0
393,39.0
394,12.0
395,5.0
396,48.0
397,38.0
398,42.0
399,59.0
400,5.0
401,70.0
402,39.0
403,51.0
404,39.0
405,48.0
406,44.0
407,21.0
408,82.0
409,70.0
410,51.0
411,39.0
412,52.0
413,2.0
414,87.0
415,54.0
416,39.0
417,17.0
418,39.0
419,39.0
420,75.0
421,48.0
422,40.0
423,26.0
424,39.0
425,39.0
426,28.0
427,15.0
428,30.0
429,39.0
430,39.0
431,0.0
432,33.0
433,39.0
434,39.0
435,33.0
436,58.0
437,77.0
438,30.0
439,39.0
440,18.0
441,58.0
442,19.0
443,39.0
444,96.0
445,39.0
446,14.0
447,39.0
448,39.0
449,48.0
450,39.0
451,6.0
452,49.0
453,24.0
454,77.0
455,18.0
456,28.0
457,71.0
458,94.0
459,39.0
460,5.0
461,66.0
462,39.0
463,41.0
464,39.0
465,27.0
466,39.0
467,69.0
468,7.0
469,17.0
470,28.0
471,39.0
472,48.0
473,97.0
474,39.0
475,10.0
476,39.0
477,47.0
478,47.0
479,30.0
480,21.0
481,50.0
482,11.0
483,30.0
484,6.0
485,11.0
486,32.0
487,55.0
488,71.0
489,59.0
490,40.0
491,40.0
492,10.0
493,23.0
494,39.0
495,61.0
496,2.0
497,22.0
498,9.0
499,39.0
500,31.0
501,20.0
502,39.0
503,33.0
504,3.0
505,68.0
506,39.0
507,39.0
508,25.0
509,39.0
510,11.0
511,39.0
512,39.0
513,41.0
514,39.0
515,39.0
516,81.0
517,39.0
518,39.0
519,4.0
520,22.0
521,39.0
522,83.0
523,56.0
524,39.0
525,57.0
526,39.0
527,36.0
528,39.0
529,39.0
530,70.0
531,53.0
532,49.0
533,39.0
534,9.0
535,58.0
536,30.0
537,30.0
538,32.0
539,42.0
540,24.0
541,29.0
542,2.0
543,49.0
544,39.0
545,39.0
546,39.0
547,51.0
548,39.0
549,58.0
550,39.0
551,39.0
552,15.0
553,2.0
554,39.0
555,56.0
556,48.0
557,45.0
558,82.0
559,50.0
560,39.0
561,13.0
562,4.0
563,31.0
564,54.0
565,25.0
566,39.0
567,8.0
568,11.0
569,39.0
570,61.0
571,25.0
572,54.0
573,53.0
574,39.0
575,43.0
576,96.0
577,39.0
578,94.0
579,7.0
580,39.0
581,38.0
582,6.0
583,30.0
584,15.0
585,71.0
586,39.0
587,90.0
588,8.0
589,49.0
590,39.0
591,60.0
592,74.0
593,39.0
594,43.0
595,86.0
596,5.0
597,49.0
598,17.0
599,75.0
600,39.0
601,28.0
602,39.0
603,90.0
604,34.0
605,12.0
606,41.0
607,94.0
608,27.0
609,18.0
610,39.0
611,39.0
612,12.0
613,39.0
614,54.0
615,39.0
616,79.0
617,39.0
618,68.0
619,33.0
620,10.0
621,41.0
622,48.0
623,89.0
624,56.0
625,91.0
626,39.0
627,48.0
628,23.0
629,48.0
630,69.0
631,18.0
632,28.0
633,43.0
634,85.0
635,11.0
636,32.0
637,51.0
638,27.0
639,59.0
640,42.0
641,44.0
642,66.0
643,51.0
644,29.0
645,52.0
646,91.0
647,45.0
648,8.0
649,8.0
650,39.0
651,4.0
652,39.0
653,16.0
654,21.0
655,1.0
656,52.0
657,28.0
658,39.0
659,0.0
660,13.0
661,39.0
662,97.0
663,39.0
664,13.0
665,39.0
666,73.0
667,30.0
668,39.0
669,46.0
670,52.0
671,39.0
672,51.0
673,3.0
674,39.0
675,39.0
676,14.0
677,39.0
678,56.0
679,39.0
680,40.0
681,39.0
682,15.0
683,16.0
684,81.0
685,48.0
686,25.0
687,39.0
688,53.0
689,38.0
690,39.0
691,8.0
692,39.0
693,27.0
694,39.0
695,51.0
696,39.0
697,39.0
698,52.0
699,53.0
700,89.0
701,82.0
702,39.0
703,86.0
704,39.0
705,39.0
706,38.0
707,39.0
708,69.0
709,7.0
710,39.0
711,39.0
712,64.0
713,39.0
714,3.0
715,39.0
716,39.0
717,39.0
718,39.0
719,78.0
720,60.0
721,12.0
722,38.0
723,2.0
724,23.0
725,30.0
726,68.0
727,27.0
728,39.0
729,39.0
730,71.0
731,6.0
732,94.0
733,61.0
734,56.0
735,39.0
736,1.0
737,5.0
738,39.0
739,43.0
740,39.0
741,8.0
742,39.0
743,8.0
744,39.0
745,39.0
746,82.0
747,39.0
748,52.0
749,3.0
750,56.0
751,33.0
752,21.0
753,85.0
754,39.0
755,69.0
756,22.0
757,49.0
758,40.0
759,39.0
760,71.0
761,34.0
762,51.0
763,39.0
764,39.0
765,39.0
766,94.0
767,8.0
768,61.0
769,53.0
770,57.0
771,59.0
772,39.0
773,69.0
774,3.0
775,39.0
776,62.0
777,20.0
778,9.0
779,33.0
780,32.0
781,27.0
782,27.0
783,23.0
784,58.0
785,39.0
786,39.0
787,17.0
788,39.0
789,39.0
790,78.0
791,39.0
792,16.0
793,2.0
794,0.0
795,9.0
796,76.0
797,82.0
798,34.0
799,37.0
800,39.0
801,4.0
802,39.0
803,39.0
804,39.0
805,66.0
806,39.0
807,39.0
808,90.0
809,60.0
810,48.0
811,39.0
812,75.0
813,29.0
814,30.0
815,39.0
816,39.0
817,56.0
818,31.0
819,39.0
820,39.0
821,44.0
822,4.0
823,39.0
824,52.0
825,39.0
826,2.0
827,39.0
828,17.0
829,39.0
830,39.0
831,39.0
832,39.0
833,39.0
834,49.0
835,39.0
836,39.0
837,39.0
838,75.0
839,20.0
840,66.0
841,1.0
842,39.0
843,47.0
844,30.0
845,0.0
846,39.0
847,24.0
848,36.0
849,35.0
850,71.0
851,94.0
852,9.0
853,23.0
854,39.0
855,23.0
856,39.0
857,9.0
858,57.0
859,40.0
860,19.0
861,6.0
862,36.0
863,47.0
864,91.0
865,39.0
866,70.0
867,39.0
868,58.0
869,4.0
870,14.0
871,78.0
872,36.0
873,49.0
874,22.0
875,66.0
876,39.0
877,35.0
878,39.0
879,39.0
880,59.0
881,39.0
882,39.0
883,65.0
884,3.0
885,78.0
886,44.0
887,46.0
888,61.0
889,39.0
890,39.0
891,71.0
892,27.0
893,97.0
894,33.0
895,39.0
896,10.0
897,24.0
898,39.0
899,59.0
900,49.0
901,35.0
902,91.0
903,71.0
904,21.0
905,2.0
906,39.0
907,14.0
908,39.0
909,60.0
910,39.0
911,29.0
912,23.0
913,75.0
914,71.0
915,52.0
916,82.0
917,91.0
918,20.0
919,39.0
920,57.0
921,85.0
922,39.0
923,39.0
924,39.0
925,27.0
926,39.0
927,50.0
928,39.0
929,39.0
930,51.0
931,46.0
932,2.0
933,39.0
934,39.0
935,28.0
936,32.0
937,61.0
938,4.0
939,13.0
940,39.0
941,39.0
942,39.0
943,60.0
944,45.0
945,15.0
946,39.0
947,39.0
948,51.0
949,47.0
950,47.0
951,27.0
952,5.0
953,51.0
954,35.0
955,97.0
956,9.0
957,57.0
958,79.0
959,6.0
960,39.0
961,39.0
962,4.0
963,51.0
964,39.0
965,7.0
966,99.0
967,39.0
968,58.0
969,11.0
970,24.0
971,65.0
972,73.0
973,39.0
974,13.0
975,39.0
976,39.0
977,39.0
978,30.0
979,19.0
980,66.0
981,37.0
982,39.0
983,14.0
984,35.0
985,12.0
986,40.0
987,70.0
988,57.0
989,44.0
990,67.0
991,39.0
992,37.0
993,39.0
994,68.0
995,71.0
996,39.0
997,47.0
998,35.0
999,39.0
1000,47.0
1001,39.0
1002,39.0
1003,97.0
1004,39.0
1005,39.0
1006,11.0
1007,39.0
1008,40.0
1009,10.0
1010,39.0
1011,42.0
1012,30.0
1013,43.0
1014,34.0
1015,45.0
1016,34.0
1017,41.0
1018,35.0
1019,53.0
1020,34.0
1021,39.0
1022,40.0
1023,39.0
1024,39.0
1025,85.0
1026,39.0
1027,51.0
1028,37.0
1029,39.0
1030,40.0
1031,29.0
1032,13.0
1033,5.0
1034,60.0
1035,44.0
1036,17.0
1037,66.0
1038,62.0
1039,39.0
1040,12.0
1041,29.0
1042,48.0
1043,36.0
1044,82.0
1045,18.0
1046,40.0
1047,11.0
1048,39.0
1049,42.0
1050,60.0
1051,91.0
1052,57.0
1053,39.0
1054,75.0
1055,39.0
1056,39.0
1057,29.0
1058,39.0
1059,39.0
1060,39.0
1061,39.0
1062,39.0
1063,29.0
1064,61.0
1065,48.0
1066,39.0
1067,39.0
1068,16.0
1069,36.0
1070,42.0
1071,6.0
1072,58.0
1073,39.0
1074,58.0
1075,39.0
1076,39.0
1077,39.0
1078,39.0
1079,39.0
1080,39.0
1081,32.0
1082,94.0
1083,29.0
1084,95.0
1085,13.0
1086,34.0
1087,39.0
1088,39.0
1089,19.0
1090,39.0
1091,39.0
1092,29.0
1093,13.0
1094,8.0
1095,49.0
1096,29.0
1097,18.0
1098,32.0
1099,21.0
1100,61.0
1101,23.0
1102,56.0
1103,45.0
1104,7.0
1105,6.0
1106,0.0
1107,66.0
1108,39.0
1109,39.0
1110,91.0
1111,39.0
1112,82.0
1113,68.0
1114,64.0
1115,1.0
1116,36.0
1117,0.0
1118,71.0
1119,16.0
1120,39.0
1121,28.0
1122,24.0
1123,22.0
1124,54.0
1125,39.0
1126,48.0
1127,8.0
1128,39.0
1129,39.0
1130,92.0
1131,39.0
1132,4.0
1133,39.0
1134,39.0
1135,25.0
1136,73.0
1137,52.0
1138,43.0
1139,34.0
1140,87.0
1141,46.0
1142,39.0
1143,48.0
1144,21.0
1145,39.0
1146,39.0
1147,41.0
1148,23.0
1149,0.0
1150,39.0
1151,22.0
1152,39.0
1153,49.0
1154,26.0
1155,14.0
1156,48.0
1157,56.0
1158,17.0
1159,66.0
1160,25.0
1161,54.0
1162,39.0
1163,37.0
1164,39.0
1165,39.0
1166,22.0
1167,15.0
1168,39.0
1169,39.0
1170,4.0
1171,7.0
1172,0.0
1173,3.0
1174,5.0
1175,82.0
1176,39.0
1177,15.0
1178,12.0
1179,39.0
1180,9.0
1181,7.0
1182,13.0
1183,21.0
1184,59.0
1185,39.0
1186,51.0
1187,4.0
1188,53.0
1189,10.0
1190,59.0
1191,39.0
1192,39.0
1193,39.0
1194,47.0
1195,39.0
1196,39.0
1197,39.0
1198,39.0
1199,39.0
1200,39.0
1201,34.0
1202,64.0
1203,52.0
1204,87.0
1205,34.0
1206,0.0
1207,39.0
1208,39.0
1209,56.0
1210,65.0
1211,92.0
1212,39.0
1213,39.0
1214,43.0
1215,3.0
1216,39.0
1217,44.0
1218,21.0
1219,15.0
1220,5.0
1221,88.0
1222,39.0
1223,36.0
1224,8.0
1225,94.0
1226,39.0
1227,39.0
1228,39.0
1229,71.0
1230,23.0
1231,88.0
1232,25.0
1233,25.0
1234,39.0
1235,4.0
1236,39.0
1237,12.0
1238,17.0
1239,20.0
1240,91.0
1241,38.0
1242,21.0
1243,28.0
1244,44.0
1245,2.0
1246,39.0
1247,28.0
1248,8.0
1249,39.0
1250,2.0
1251,39.0
1252,48.0
1253,35.0
1254,75.0
1255,39.0
1256,41.0
1257,39.0
1258,20.0
1259,75.0
1260,17.0
1261,42.0
1262,17.0
1263,20.0
1264,39.0
1265,39.0
1266,96.0
1267,25.0
1268,89.0
1269,20.0
1270,39.0
1271,2.0
1272,57.0
1273,39.0
1274,24.0
1275,69.0
1276,59.0
1277,43.0
1278,63.0
1279,77.0
1280,39.0
1281,40.0
1282,20.0
1283,76.0
1284,43.0
1285,60.0
1286,39.0
1287,49.0
1288,39.0
1289,30.0
1290,53.0
1291,39.0
1292,18.0
1293,94.0
1294,39.0
1295,26.0
1296,39.0
1297,99.0
1298,66.0
1299,39.0
1300,39.0
1301,83.0
1302,75.0
1303,8.0
1304,39.0
1305,39.0
1306,39.0
1307,38.0
1308,29.0
1309,69.0
1310,39.0
1311,39.0
1312,39.0
1313,39.0
1314,95.0
1315,23.0
1316,30.0
1317,39.0
1318,39.0
1319,20.0
1320,33.0
1321,46.0
1322,24.0
1323,62.0
1324,54.0
1325,76.0
1326,86.0
1327,39.0
1328,39.0
1329,29.0
1330,17.0
1331,32.0
1332,38.0
1333,39.0
1334,28.0
1335,62.0
1336,39.0
1337,40.0
1338,39.0
1339,9.0
1340,39.0
1341,19.0
1342,15.0
1343,58.0
1344,16.0
1345,2.0
1346,79.0
1347,48.0
1348,39.0
1349,8.0
1350,53.0
1351,39.0
1352,39.0
1353,75.0
1354,89.0
1355,39.0
1356,26.0
1357,48.0
1358,60.0
1359,17.0
1360,5.0
1361,39.0
1362,57.0
1363,37.0
1364,39.0
1365,99.0
1366,48.0
1367,39.0
1368,10.0
1369,44.0
1370,43.0
1371,39.0
1372,39.0
1373,13.0
1374,39.0
1375,22.0
1376,9.0
1377,39.0
1378,13.0
1379,60.0
1380,14.0
1381,17.0
1382,82.0
1383,47.0
1384,76.0
1385,57.0
1386,23.0
1387,39.0
1388,87.0
1389,21.0
1390,50.0
1391,13.0
1392,78.0
1393,32.0
1394,39.0
1395,23.0
1396,39.0
1397,39.0
1398,39.0
1399,16.0
1400,39.0
1401,27.0
1402,68.0
1403,91.0
1404,39.0
1405,75.0
1406,39.0
1407,39.0
1408,39.0
1409,39.0
1410,33.0
1411,39.0
1412,52.0
1413,29.0
1414,39.0
1415,39.0
1416,39.0
1417,76.0
1418,51.0
1419,9.0
1420,38.0
1421,49.0
1422,6.0
1423,68.0
1424,39.0
1425,75.0
1426,42.0
1427,34.0
1428,39.0
1429,9.0
1430,39.0
1431,39.0
1432,32.0
1433,39.0
1434,26.0
1435,39.0
1436,39.0
1437,12.0
1438,3.0
1439,45.0
1440,39.0
1441,15.0
1442,5.0
1443,76.0
1444,39.0
1445,39.0
1446,4.0
1447,24.0
1448,51.0
1449,0.0
1450,62.0
1451,20.0
1452,1.0
1453,2.0
1454,45.0
1455,39.0
1456,19.0
1457,39.0
1458,15.0
1459,39.0
1460,39.0
1461,39.0
1462,6.0
1463,61.0
1464,66.0
1465,39.0
1466,39.0
1467,33.0
1468,82.0
1469,89.0
1470,48.0
1471,79.0
1472,48.0
1473,39.0
1474,14.0
1475,34.0
1476,49.0
1477,61.0
1478,6.0
1479,16.0
1480,19.0
1481,23.0
1482,11.0
1483,69.0
1484,24.0
1485,7.0
1486,25.0
1487,39.0
1488,20.0
1489,71.0
1490,66.0
1491,39.0
1492,82.0
1493,39.0
1494,13.0
1495,2.0
1496,42.0
1497,27.0
1498,39.0
1499,57.0
1500,82.0
1501,16.0
1502,0.0
1503,39.0
1504,15.0
1505,12.0
1506,44.0
1507,4.0
1508,28.0
1509,24.0
1510,36.0
1511,25.0
1512,53.0
1513,22.0
1514,39.0
1515,33.0
1516,23.0
1517,21.0
1518,44.0
1519,39.0
1520,39.0
1521,39.0
1522,39.0
1523,30.0
1524,43.0
1525,19.0
1526,19.0
1527,3.0
1528,89.0
1529,39.0
1530,5.0
1531,65.0
1532,20.0
1533,66.0
1534,42.0
1535,0.0
1536,39.0
1537,41.0
1538,40.0
1539,39.0
1540,43.0
1541,39.0
1542,39.0
1543,39.0
1544,39.0
1545,43.0
1546,39.0
1547,39.0
1548,68.0
1549,39.0
1550,69.0
1551,0.0
1552,0.0
1553,5.0
1554,39.0
1555,43.0
1556,71.0
1557,30.0
1558,39.0
1559,34.0
1560,2.0
1561,27.0
1562,39.0
1563,39.0
1564,39.0
1565,20.0
1566,39.0
1567,17.0
1568,75.0
1569,33.0
1570,42.0
1571,39.0
1572,40.0
1573,39.0
1574,85.0
1575,39.0
1576,99.0
1577,92.0
1578,15.0
1579,40.0
1580,58.0
1581,37.0
1582,39.0
1583,25.0
1584,41.0
1585,39.0
1586,70.0
1587,39.0
1588,39.0
1589,39.0
1590,42.0
1591,39.0
1592,96.0
1593,81.0
1594,39.0
1595,87.0
1596,39.0
1597,90.0
1598,47.0
1599,39.0
1600,33.0
1601,39.0
1602,30.0
1603,82.0
1604,33.0
1605,30.0
1606,9.0
1607,36.0
1608,39.0
1609,37.0
1610,3.0
1611,24.0
1612,39.0
1613,7.0
1614,1.0
1615,39.0
1616,13.0
1617,39.0
1618,56.0
1619,39.0
1620,48.0
1621,92.0
1622,63.0
1623,39.0
1624,95.0
1625,22.0
1626,63.0
1627,28.0
1628,39.0
1629,2.0
1630,40.0
1631,27.0
1632,63.0
1633,60.0
1634,2.0
1635,67.0
1636,7.0
1637,2.0
1638,44.0
1639,39.0
1640,39.0
1641,40.0
1642,36.0
1643,87.0
1644,4.0
1645,14.0
1646,39.0
1647,7.0
1648,39.0
1649,68.0
1650,81.0
1651,39.0
1652,45.0
1653,39.0
1654,39.0
1655,15.0
1656,39.0
1657,20.0
1658,21.0
1659,39.0
1660,50.0
1661,34.0
1662,16.0
1663,24.0
1664,4.0
1665,39.0
1666,45.0
1667,4.0
1668,97.0
1669,71.0
1670,7.0
1671,10.0
1672,6.0
1673,39.0
1674,76.0
1675,39.0
1676,39.0
1677,53.0
1678,39.0
1679,13.0
1680,39.0
1681,75.0
1682,41.0
1683,20.0
1684,0.0
1685,15.0
1686,96.0
1687,34.0
1688,66.0
1689,45.0
1690,39.0
1691,36.0
1692,51.0
1693,7.0
1694,30.0
1695,39.0
1696,43.0
1697,72.0
1698,37.0
1699,30.0
1700,39.0
1701,0.0
1702,5.0
1703,35.0
1704,52.0
1705,60.0
1706,15.0
1707,39.0
1708,39.0
1709,49.0
1710,18.0
1711,39.0
1712,39.0
1713,0.0
1714,5.0
1715,9.0
1716,76.0
1717,14.0
1718,1.0
1719,68.0
1720,68.0
1721,39.0
1722,23.0
1723,9.0
1724,39.0
1725,39.0
1726,59.0
1727,20.0
1728,4.0
1729,32.0
1730,25.0
1731,59.0
1732,55.0
1733,41.0
1734,68.0
1735,39.0
1736,57.0
1737,28.0
1738,31.0
1739,53.0
1740,21.0
1741,4.0
1742,39.0
1743,33.0
1744,39.0
1745,56.0
1746,24.0
1747,68.0
1748,74.0
1749,39.0
1750,39.0
1751,39.0
1752,39.0
1753,36.0
1754,59.0
1755,12.0
1756,24.0
1757,39.0
1758,39.0
1759,16.0
1760,39.0
1761,39.0
1762,39.0
1763,50.0
1764,31.0
1765,48.0
1766,47.0
1767,31.0
1768,39.0
1769,14.0
1770,39.0
1771,94.0
1772,1.0
1773,66.0
1774,47.0
1775,39.0
1776,39.0
1777,30.0
1778,58.0
1779,9.0
1780,59.0
1781,12.0
1782,71.0
1783,27.0
1784,66.0
1785,29.0
1786,25.0
1787,39.0
1788,39.0
1789,89.0
1790,12.0
1791,37.0
1792,29.0
1793,63.0
1794,21.0
1795,39.0
1796,52.0
1797,39.0
1798,39.0
1799,83.0
1800,11.0
1801,39.0
1802,39.0
1803,2.0
1804,9.0
1805,16.0
1806,39.0
1807,39.0
1808,25.0
1809,39.0
1810,7.0
1811,2.0
1812,39.0
1813,39.0
1814,30.0
1815,11.0
1816,75.0
1817,26.0
1818,39.0
1819,39.0
1820,39.0
1821,8.0
1822,17.0
1823,52.0
1824,16.0
1825,2.0
1826,39.0
1827,39.0
1828,41.0
1829,39.0
1830,57.0
1831,39.0
1832,47.0
1833,41.0
1834,86.0
1835,27.0
1836,39.0
1837,36.0
1838,39.0
1839,0.0
1840,53.0
1841,89.0
1842,32.0
1843,47.0
1844,39.0
1845,39.0
1846,39.0
1847,3.0
1848,35.0
1849,58.0
1850,39.0
1851,5.0
1852,17.0
1853,10.0
1854,47.0
1855,4.0
1856,85.0
1857,39.0
1858,39.0
1859,49.0
1860,23.0
1861,9.0
1862,39.0
1863,75.0
1864,2.0
1865,39.0
1866,56.0
1867,63.0
1868,39.0
1869,5.0
1870,88.0
1871,15.0
1872,39.0
1873,39.0
1874,39.0
1875,30.0
1876,9.0
1877,39.0
1878,60.0
1879,40.0
1880,4.0
1881,39.0
1882,77.0
1883,11.0
1884,39.0
1885,8.0
1886,35.0
1887,71.0
1888,39.0
1889,50.0
1890,75.0
1891,71.0
1892,39.0
1893,21.0
1894,39.0
1895,39.0
1896,91.0
1897,44.0
1898,63.0
1899,50.0
1900,29.0
1901,21.0
1902,39.0
1903,77.0
1904,74.0
1905,39.0
1906,12.0
1907,37.0
1908,49.0
1909,39.0
1910,39.0
1911,15.0
1912,44.0
1913,48.0
1914,56.0
1915,68.0
1916,12.0
1917,40.0
1918,13.0
1919,79.0
1920,75.0
1921,35.0
1922,47.0
1923,81.0
1924,76.0
1925,39.0
1926,0.0
1927,35.0
1928,16.0
1929,34.0
1930,13.0
1931,39.0
1932,61.0
1933,28.0
1934,34.0
1935,39.0
1936,39.0
1937,4.0
1938,19.0
1939,39.0
1940,37.0
1941,38.0
1942,39.0
1943,8.0
1944,39.0
1945,56.0
1946,39.0
1947,76.0
1948,88.0
1949,94.0
1950,39.0
1951,39.0
1952,8.0
1953,39.0
1954,35.0
1955,52.0
1956,47.0
1957,39.0
1958,39.0
1959,89.0
1960,39.0
1961,82.0
1962,58.0
1963,17.0
1964,37.0
1965,49.0
1966,17.0
1967,28.0
1968,32.0
1969,79.0
1970,30.0
1971,14.0
1972,39.0
1973,76.0
1974,39.0
1975,39.0
1976,33.0
1977,19.0
1978,1.0
1979,39.0
1980,27.0
1981,68.0
1982,39.0
1983,59.0
1984,18.0
1985,39.0
1986,16.0
1987,39.0
1988,65.0
1989,92.0
1990,41.0
1991,87.0
1992,44.0
1993,49.0
1994,39.0
1995,39.0
1996,75.0
1997,68.0
1998,39.0
1999,14.0
2000,39.0
2001,84.0
2002,69.0
2003,86.0
2004,39.0
2005,7.0
2006,75.0
2007,62.0
2008,39.0
2009,52.0
2010,44.0
2011,2.0
2012,29.0
2013,18.0
2014,7.0
2015,39.0
2016,39.0
2017,39.0
2018,14.0
2019,39.0
2020,39.0
2021,39.0
2022,54.0
2023,23.0
2024,88.0
2025,39.0
2026,39.0
2027,82.0
2028,90.0
2029,43.0
2030,62.0
2031,5.0
2032,39.0
2033,39.0
2034,48.0
2035,39.0
2036,60.0
2037,3.0
2038,62.0
2039,15.0
2040,97.0
2041,39.0
2042,39.0
2043,39.0
2044,81.0
2045,39.0
2046,49.0
2047,39.0
2048,71.0
2049,96.0
2050,19.0
2051,57.0
2052,39.0
2053,39.0
2054,81.0
2055,13.0
2056,62.0
2057,39.0
2058,89.0
2059,39.0
2060,39.0
2061,47.0
2062,31.0
2063,50.0
2064,57.0
2065,11.0
2066,82.0
2067,46.0
2068,34.0
2069,35.0
2070,23.0
2071,11.0
2072,2.0
2073,27.0
2074,39.0
2075,9.0
2076,23.0
2077,29.0
2078,15.0
2079,23.0
2080,39.0
2081,41.0
2082,3.0
2083,39.0
2084,87.0
2085,39.0
2086,39.0
2087,39.0
2088,31.0
2089,39.0
2090,56.0
2091,33.0
2092,30.0
2093,31.0
2094,39.0
2095,39.0
2096,4.0
2097,34.0
2098,16.0
2099,49.0
2100,39.0
2101,10.0
2102,17.0
2103,28.0
2104,39.0
2105,68.0
2106,39.0
2107,31.0
2108,76.0
2109,39.0
2110,52.0
2111,66.0
2112,39.0
2113,44.0
2114,39.0
2115,44.0
2116,39.0
2117,94.0
2118,39.0
2119,63.0
2120,39.0
2121,39.0
2122,90.0
2123,39.0
2124,39.0
2125,45.0
2126,50.0
2127,54.0
2128,66.0
2129,39.0
2130,39.0
2131,28.0
2132,39.0
2133,39.0
2134,94.0
2135,39.0
2136,56.0
2137,39.0
2138,35.0
2139,22.0
2140,39.0
2141,39.0
2142,1.0
2143,39.0
2144,82.0
2145,41.0
2146,82.0
2147,39.0
2148,67.0
2149,23.0
2150,42.0
2151,30.0
2152,39.0
2153,36.0
2154,27.0
2155,9.0
2156,39.0
2157,8.0
2158,39.0
2159,56.0
2160,3.0
2161,18.0
2162,94.0
2163,37.0
2164,73.0
2165,73.0
2166,39.0
2167,40.0
2168,45.0
2169,10.0
2170,39.0
2171,87.0
2172,39.0
2173,39.0
2174,4.0
2175,39.0
2176,27.0
2177,4.0
2178,75.0
2179,39.0
2180,29.0
2181,85.0
2182,94.0
2183,87.0
2184,57.0
2185,39.0
2186,11.0
2187,39.0
2188,70.0
2189,25.0
2190,5.0
2191,39.0
2192,39.0
2193,39.0
2194,39.0
2195,53.0
2196,53.0
2197,39.0
2198,26.0
2199,39.0
2200,59.0
2201,39.0
2202,76.0
2203,39.0
2204,18.0
2205,39.0
2206,39.0
2207,23.0
2208,12.0
2209,20.0
2210,24.0
2211,2.0
2212,94.0
2213,39.0
2214,33.0
2215,39.0
2216,39.0
2217,39.0
2218,50.0
2219,15.0
2220,11.0
2221,39.0
2222,33.0
2223,75.0
2224,39.0
2225,30.0
2226,37.0
2227,75.0
2228,39.0
2229,35.0
2230,39.0
2231,14.0
2232,15.0
2233,44.0
2234,85.0
2235,12.0
2236,9.0
2237,39.0
2238,48.0
2239,85.0
2240,1.0
2241,36.0
2242,18.0
2243,56.0
2244,39.0
2245,73.0
2246,53.0
2247,48.0
2248,32.0
2249,39.0
2250,48.0
2251,39.0
2252,44.0
2253,39.0
2254,39.0
2255,39.0
2256,66.0
2257,36.0
2258,16.0
2259,89.0
2260,62.0
2261,16.0
2262,39.0
2263,60.0
2264,39.0
2265,62.0
2266,41.0
2267,34.0
2268,65.0
2269,39.0
2270,95.0
2271,48.0
2272,93.0
2273,39.0
2274,30.0
2275,39.0
2276,39.0
2277,26.0
2278,39.0
2279,76.0
2280,39.0
2281,64.0
2282,39.0
2283,49.0
2284,93.0
2285,28.0
2286,26.0
2287,39.0
2288,15.0
2289,18.0
2290,39.0
2291,39.0
2292,61.0
2293,39.0
2294,81.0
2295,39.0
2296,6.0
2297,63.0
2298,39.0
2299,39.0
2300,82.0
2301,39.0
2302,39.0
2303,39.0
2304,39.0
2305,62.0
2306,53.0
2307,5.0
2308,60.0
2309,24.0
2310,39.0
2311,39.0
2312,39.0
2313,22.0
2314,14.0
2315,49.0
2316,39.0
2317,54.0
2318,39.0
2319,71.0
2320,39.0
2321,61.0
2322,88.0
2323,83.0
2324,42.0
2325,81.0
2326,39.0
2327,76.0
2328,36.0
2329,94.0
2330,61.0
2331,57.0
2332,45.0
2333,4.0
2334,5.0
2335,39.0
2336,2.0
2337,8.0
2338,20.0
2339,39.0
2340,79.0
2341,38.0
2342,9.0
2343,28.0
2344,39.0
2345,0.0
2346,39.0
2347,50.0
2348,13.0
2349,39.0
2350,39.0
2351,47.0
2352,39.0
2353,55.0
2354,5.0
2355,39.0
2356,39.0
2357,36.0
2358,39.0
2359,40.0
2360,39.0
2361,12.0
2362,78.0
2363,83.0
2364,39.0
2365,1.0
2366,39.0
2367,39.0
2368,39.0
2369,3.0
2370,62.0
2371,12.0
2372,2.0
2373,46.0
2374,54.0
2375,72.0
2376,87.0
2377,54.0
2378,21.0
2379,39.0
2380,12.0
2381,39.0
2382,39.0
2383,16.0
2384,47.0
2385,39.0
2386,36.0
2387,39.0
2388,2.0
2389,39.0
2390,17.0
2391,39.0
2392,39.0
2393,39.0
2394,25.0
2395,69.0
2396,39.0
2397,39.0
2398,78.0
2399,39.0
2400,39.0
2401,85.0
2402,39.0
2403,39.0
2404,53.0
2405,39.0
2406,39.0
2407,39.0
2408,47.0
2409,94.0
2410,39.0
2411,39.0
2412,39.0
2413,4.0
2414,85.0
2415,48.0
2416,22.0
2417,33.0
2418,23.0
2419,70.0
2420,31.0
2421,39.0
2422,39.0
2423,6.0
2424,39.0
2425,1.0
2426,73.0
2427,21.0
2428,39.0
2429,60.0
2430,39.0
2431,27.0
2432,77.0
2433,30.0
2434,27.0
2435,94.0
2436,9.0
2437,62.0
2438,1.0
2439,87.0
2440,78.0
2441,44.0
2442,39.0
2443,49.0
2444,75.0
2445,17.0
2446,22.0
2447,46.0
2448,35.0
2449,21.0
2450,26.0
2451,81.0
2452,39.0
2453,64.0
2454,8.0
2455,39.0
2456,6.0
2457,39.0
2458,59.0
2459,11.0
2460,39.0
2461,7.0
2462,87.0
2463,71.0
2464,4.0
2465,3.0
2466,39.0
2467,75.0
2468,57.0
2469,86.0
2470,75.0
2471,15.0
2472,40.0
2473,39.0
2474,39.0
2475,39.0
2476,42.0
2477,12.0
2478,39.0
2479,44.0
2480,2.0
2481,2.0
2482,16.0
2483,43.0
2484,24.0
2485,13.0
2486,39.0
2487,6.0
2488,89.0
2489,32.0
2490,31.0
2491,4.0
2492,36.0
2493,16.0
2494,23.0
2495,39.0
2496,82.0
2497,45.0
2498,39.0
2499,39.0
2500,69.0
2501,18.0
2502,37.0
2503,69.0
2504,39.0
2505,65.0
2506,39.0
2507,41.0
2508,39.0
2509,39.0
2510,13.0
2511,23.0
2512,52.0
2513,47.0
2514,39.0
2515,33.0
2516,54.0
2517,2.0
2518,71.0
2519,27.0
2520,39.0
2521,39.0
2522,23.0
2523,39.0
2524,36.0
2525,36.0
2526,39.0
2527,52.0
2528,89.0
2529,11.0
2530,39.0
2531,39.0
2532,85.0
2533,68.0
2534,39.0
2535,82.0
2536,39.0
2537,39.0
2538,41.0
2539,56.0
2540,39.0
2541,34.0
2542,39.0
2543,33.0
2544,39.0
2545,35.0
2546,17.0
2547,86.0
2548,57.0
2549,11.0
2550,25.0
2551,35.0
2552,22.0
2553,14.0
2554,39.0
2555,39.0
2556,33.0
2557,24.0
2558,57.0
2559,20.0
2560,47.0
2561,29.0
2562,15.0
2563,48.0
2564,54.0
2565,54.0
2566,39.0
2567,39.0
2568,26.0
2569,39.0
2570,50.0
2571,69.0
2572,39.0
2573,86.0
2574,19.0
2575,39.0
2576,11.0
2577,39.0
2578,60.0
2579,53.0
2580,2.0
2581,39.0
2582,26.0
2583,39.0
2584,39.0
2585,87.0
2586,35.0
2587,36.0
2588,39.0
2589,58.0
2590,47.0
2591,39.0
2592,43.0
2593,47.0
2594,39.0
2595,68.0
2596,39.0
2597,79.0
2598,21.0
2599,8.0
2600,43.0
2601,0.0
2602,13.0
2603,81.0
2604,57.0
2605,71.0
2606,57.0
2607,49.0
2608,39.0
2609,39.0
2610,39.0
2611,7.0
2612,15.0
2613,8.0
2614,4.0
2615,47.0
2616,10.0
2617,39.0
2618,39.0
2619,29.0
2620,57.0
2621,8.0
2622,27.0
2623,39.0
2624,54.0
2625,82.0
2626,68.0
2627,39.0
2628,39.0
2629,28.0
2630,71.0
2631,39.0
2632,87.0
2633,39.0
2634,39.0
2635,7.0
2636,39.0
2637,4.0
2638,36.0
2639,36.0
2640,39.0
2641,4.0
2642,39.0
2643,39.0
2644,39.0
2645,6.0
2646,9.0
2647,44.0
2648,24.0
2649,7.0
2650,39.0
2651,50.0
2652,38.0
2653,88.0
2654,75.0
2655,75.0
2656,39.0
2657,39.0
2658,42.0
2659,39.0
2660,91.0
2661,22.0
2662,44.0
2663,58.0
2664,39.0
2665,39.0
2666,21.0
2667,25.0
2668,94.0
2669,53.0
2670,0.0
2671,39.0
2672,39.0
2673,6.0
2674,51.0
2675,85.0
2676,39.0
2677,64.0
2678,39.0
2679,70.0
2680,39.0
2681,79.0
2682,34.0
2683,45.0
2684,20.0
2685,41.0
2686,25.0
2687,97.0
2688,83.0
2689,6.0
2690,54.0
2691,12.0
2692,14.0
2693,39.0
2694,49.0
2695,69.0
2696,32.0
2697,89.0
2698,25.0
2699,32.0
2700,61.0
2701,59.0
2702,87.0
2703,28.0
2704,53.0
2705,24.0
2706,14.0
2707,39.0
2708,39.0
2709,39.0
2710,35.0
2711,44.0
2712,48.0
2713,30.0
2714,39.0
2715,39.0
2716,52.0
2717,33.0
2718,49.0
2719,39.0
2720,46.0
2721,73.0
2722,44.0
2723,99.0
2724,90.0
2725,24.0
2726,71.0
2727,17.0
2728,39.0
2729,39.0
2730,27.0
2731,39.0
2732,18.0
2733,41.0
2734,19.0
2735,26.0
2736,53.0
2737,24.0
2738,19.0
2739,52.0
2740,39.0
2741,87.0
2742,39.0
2743,4.0
2744,7.0
2745,39.0
2746,42.0
2747,27.0
2748,40.0
2749,39.0
2750,29.0
2751,39.0
2752,88.0
2753,91.0
2754,39.0
2755,60.0
2756,39.0
2757,39.0
2758,66.0
2759,39.0
2760,39.0
2761,39.0
2762,28.0
2763,39.0
2764,76.0
2765,39.0
2766,47.0
2767,39.0
2768,83.0
2769,45.0
2770,79.0
2771,20.0
2772,31.0
2773,18.0
2774,42.0
2775,39.0
2776,44.0
2777,39.0
2778,25.0
2779,35.0
2780,39.0
2781,39.0
2782,41.0
2783,71.0
2784,5.0
2785,39.0
2786,68.0
2787,36.0
2788,72.0
2789,39.0
2790,9.0
2791,39.0
2792,69.0
2793,39.0
2794,39.0
2795,39.0
2796,4.0
2797,28.0
2798,39.0
2799,39.0
2800,53.0
2801,39.0
2802,94.0
2803,25.0
2804,14.0
2805,39.0
2806,16.0
2807,28.0
2808,38.0
2809,3.0
2810,22.0
2811,26.0
2812,78.0
2813,3.0
2814,43.0
2815,39.0
2816,39.0
2817,39.0
2818,43.0
2819,61.0
2820,1.0
2821,39.0
2822,78.0
2823,24.0
2824,37.0
2825,15.0
2826,57.0
2827,39.0
2828,39.0
2829,42.0
2830,37.0
2831,39.0
2832,39.0
2833,2.0
2834,62.0
2835,13.0
2836,39.0
2837,12.0
2838,16.0
2839,22.0
2840,49.0
2841,4.0
2842,76.0
2843,47.0
2844,39.0
2845,39.0
2846,34.0
2847,21.0
2848,39.0
2849,39.0
2850,62.0
2851,39.0
2852,39.0
2853,17.0
2854,36.0
2855,14.0
2856,76.0
2857,15.0
2858,37.0
2859,28.0
2860,39.0
2861,39.0
2862,39.0
2863,39.0
2864,16.0
2865,39.0
2866,39.0
2867,44.0
2868,87.0
2869,39.0
2870,13.0
2871,75.0
2872,35.0
2873,39.0
2874,39.0
2875,85.0
2876,39.0
2877,0.0
2878,39.0
2879,58.0
2880,68.0
2881,39.0
2882,54.0
2883,1.0
2884,15.0
2885,33.0
2886,23.0
2887,39.0
2888,89.0
2889,7.0
2890,47.0
2891,39.0
2892,30.0
2893,70.0
2894,39.0
2895,20.0
2896,47.0
2897,54.0
2898,9.0
2899,23.0
2900,94.0
2901,39.0
2902,39.0
2903,62.0
2904,19.0
2905,79.0
2906,39.0
2907,82.0
2908,97.0
2909,35.0
2910,60.0
2911,11.0
2912,39.0
2913,39.0
2914,18.0
2915,7.0
2916,5.0
2917,39.0
2918,34.0
2919,39.0
2920,27.0
2921,23.0
2922,25.0
2923,13.0
2924,33.0
2925,26.0
2926,39.0
2927,39.0
2928,33.0
2929,42.0
2930,39.0
2931,34.0
2932,10.0
2933,31.0
2934,39.0
2935,39.0
2936,39.0
2937,28.0
2938,53.0
2939,52.0
2940,20.0
2941,39.0
2942,39.0
2943,53.0
2944,39.0
2945,39.0
2946,23.0
2947,45.0
2948,39.0
2949,39.0
2950,5.0
2951,53.0
2952,39.0
2953,32.0
2954,39.0
2955,17.0
2956,15.0
2957,34.0
2958,11.0
2959,48.0
2960,39.0
2961,39.0
2962,39.0
2963,39.0
2964,4.0
2965,39.0
2966,39.0
2967,92.0
2968,39.0
2969,62.0
2970,37.0
2971,2.0
2972,93.0
2973,19.0
2974,32.0
2975,31.0
2976,41.0
2977,73.0
2978,82.0
2979,21.0
2980,86.0
2981,94.0
2982,12.0
2983,73.0
2984,39.0
2985,39.0
2986,23.0
2987,49.0
2988,39.0
2989,39.0
2990,38.0
2991,39.0
2992,71.0
2993,42.0
2994,37.0
2995,58.0
2996,39.0
2997,24.0
2998,18.0
2999,86.0
3000,13.0
3001,84.0
3002,4.0
3003,48.0
3004,9.0
3005,39.0
3006,9.0
3007,81.0
3008,20.0
3009,39.0
3010,76.0
3011,49.0
3012,34.0
3013,39.0
3014,62.0
3015,79.0
3016,24.0
3017,39.0
3018,4.0
3019,94.0
3020,39.0
3021,43.0
3022,26.0
3023,39.0
3024,34.0
3025,39.0
3026,39.0
3027,19.0
3028,91.0
3029,6.0
3030,17.0
3031,39.0
3032,39.0
3033,63.0
3034,39.0
3035,37.0
3036,7.0
3037,39.0
3038,39.0
3039,87.0
3040,28.0
3041,47.0
3042,39.0
3043,36.0
3044,69.0
3045,41.0
3046,36.0
3047,39.0
3048,59.0
3049,41.0
3050,68.0
3051,50.0
3052,41.0
3053,26.0
3054,33.0
3055,20.0
3056,4.0
3057,81.0
3058,39.0
3059,39.0
3060,39.0
3061,39.0
3062,50.0
3063,22.0
3064,39.0
3065,1.0
3066,14.0
3067,83.0
3068,57.0
3069,4.0
3070,0.0
3071,39.0
3072,44.0
3073,39.0
3074,9.0
3075,39.0
3076,96.0
3077,39.0
3078,39.0
3079,31.0
3080,18.0
3081,39.0
3082,2.0
3083,51.0
3084,0.0
3085,39.0
3086,59.0
3087,33.0
3088,13.0
3089,22.0
3090,11.0
3091,0.0
3092,58.0
3093,39.0
3094,29.0
3095,39.0
3096,13.0
3097,9.0
3098,28.0
3099,16.0
3100,39.0
3101,32.0
3102,45.0
3103,5.0
3104,20.0
3105,1.0
3106,60.0
3107,39.0
3108,99.0
3109,5.0
3110,39.0
3111,39.0
3112,53.0
3113,13.0
3114,47.0
3115,48.0
3116,39.0
3117,35.0
3118,6.0
3119,39.0
3120,88.0
3121,5.0
3122,52.0
3123,43.0
3124,39.0
3125,8.0
3126,20.0
3127,5.0
3128,48.0
3129,23.0
3130,71.0
3131,17.0
3132,3.0
3133,39.0
3134,0.0
3135,39.0
3136,75.0
3137,51.0
3138,39.0
3139,25.0
3140,44.0
3141,82.0
3142,31.0
3143,63.0
3144,17.0
3145,25.0
3146,39.0
3147,74.0
3148,39.0
3149,49.0
3150,39.0
3151,33.0
3152,56.0
3153,16.0
3154,4.0
3155,47.0
3156,85.0
3157,68.0
3158,63.0
3159,7.0
3160,75.0
3161,4.0
3162,39.0
3163,14.0
3164,39.0
3165,70.0
3166,39.0
3167,12.0
3168,6.0
3169,0.0
3170,71.0
3171,39.0
3172,4.0
3173,19.0
3174,52.0
3175,39.0
3176,32.0
3177,22.0
3178,8.0
3179,39.0
3180,39.0
3181,73.0
3182,21.0
3183,19.0
3184,82.0
3185,39.0
3186,39.0
3187,5.0
3188,50.0
3189,39.0
3190,60.0
3191,16.0
3192,41.0
3193,25.0
3194,58.0
3195,69.0
3196,39.0
3197,41.0
3198,12.0
3199,61.0
3200,89.0
3201,40.0
3202,18.0
3203,39.0
3204,39.0
3205,39.0
3206,2.0
3207,21.0
3208,27.0
3209,3.0
3210,8.0
3211,43.0
3212,4.0
3213,39.0
3214,53.0
3215,39.0
3216,39.0
3217,88.0
3218,72.0
3219,95.0
3220,39.0
3221,39.0
3222,8.0
3223,64.0
3224,39.0
3225,39.0
3226,39.0
3227,39.0
3228,0.0
3229,22.0
3230,67.0
3231,11.0
3232,39.0
3233,89.0
3234,52.0
3235,41.0
3236,73.0
3237,39.0
3238,39.0
3239,30.0
3240,39.0
3241,22.0
3242,20.0
3243,39.0
3244,4.0
3245,14.0
3246,39.0
3247,39.0
3248,6.0
3249,58.0
3250,39.0
3251,24.0
3252,75.0
3253,7.0
3254,95.0
3255,39.0
3256,30.0
3257,71.0
3258,39.0
3259,54.0
3260,91.0
3261,44.0
3262,10.0
3263,95.0
3264,39.0
3265,39.0
3266,56.0
3267,68.0
3268,39.0
3269,10.0
3270,94.0
3271,57.0
3272,4.0
3273,60.0
3274,39.0
3275,39.0
3276,19.0
3277,60.0
3278,87.0
3279,39.0
3280,36.0
3281,39.0
3282,37.0
3283,16.0
3284,31.0
3285,56.0
3286,16.0
3287,39.0
3288,39.0
3289,85.0
3290,12.0
3291,52.0
3292,78.0
3293,4.0
3294,30.0
3295,33.0
3296,10.0
3297,47.0
3298,42.0
3299,39.0
3300,61.0
3301,49.0
3302,20.0
3303,42.0
3304,6.0
3305,41.0
3306,82.0
3307,17.0
3308,43.0
3309,39.0
3310,88.0
3311,94.0
3312,39.0
3313,39.0
3314,39.0
3315,39.0
3316,51.0
3317,16.0
3318,5.0
3319,60.0
3320,39.0
3321,39.0
3322,8.0
3323,29.0
3324,28.0
3325,43.0
3326,39.0
3327,68.0
3328,49.0
3329,13.0
3330,39.0
3331,52.0
3332,27.0
3333,87.0
3334,16.0
3335,79.0
3336,4.0
3337,74.0
3338,18.0
3339,42.0
3340,57.0
3341,37.0
3342,39.0
3343,39.0
3344,7.0
3345,17.0
3346,39.0
3347,39.0
3348,94.0
3349,96.0
3350,16.0
3351,39.0
3352,39.0
3353,13.0
3354,52.0
3355,25.0
3356,7.0
3357,66.0
3358,39.0
3359,28.0
3360,39.0
3361,39.0
3362,32.0
3363,39.0
3364,5.0
3365,39.0
3366,39.0
3367,70.0
3368,1.0
3369,5.0
3370,53.0
3371,6.0
3372,81.0
3373,39.0
3374,41.0
3375,97.0
3376,39.0
3377,63.0
3378,39.0
3379,32.0
3380,39.0
3381,39.0
3382,97.0
3383,39.0
3384,17.0
3385,43.0
3386,19.0
3387,16.0
3388,25.0
3389,19.0
3390,51.0
3391,39.0
3392,68.0
3393,39.0
3394,39.0
3395,39.0
3396,13.0
3397,39.0
3398,96.0
3399,58.0
3400,5.0
3401,14.0
3402,23.0
3403,58.0
3404,8.0
3405,39.0
3406,7.0
3407,0.0
3408,70.0
3409,21.0
3410,45.0
3411,39.0
3412,39.0
3413,74.0
3414,12.0
3415,63.0
3416,39.0
3417,13.0
3418,5.0
3419,39.0
3420,17.0
3421,34.0
3422,49.0
3423,39.0
3424,86.0
3425,18.0
3426,11.0
3427,39.0
3428,94.0
3429,27.0
3430,39.0
3431,39.0
3432,12.0
3433,30.0
3434,61.0
3435,19.0
3436,10.0
3437,20.0
3438,39.0
3439,39.0
3440,89.0
3441,39.0
3442,39.0
3443,39.0
3444,68.0
3445,42.0
3446,54.0
3447,39.0
3448,24.0
3449,90.0
3450,70.0
3451,19.0
3452,27.0
3453,6.0
3454,39.0
3455,13.0
3456,24.0
3457,8.0
3458,53.0
3459,39.0
3460,15.0
3461,39.0
3462,18.0
3463,1.0
3464,90.0
3465,63.0
3466,88.0
3467,9.0
3468,39.0
3469,22.0
3470,16.0
3471,60.0
3472,30.0
3473,44.0
3474,14.0
3475,52.0
3476,39.0
3477,39.0
3478,49.0
3479,76.0
3480,39.0
3481,19.0
3482,63.0
3483,25.0
3484,39.0
3485,39.0
3486,39.0
3487,5.0
3488,57.0
3489,2.0
3490,39.0
3491,30.0
3492,39.0
3493,6.0
3494,24.0
3495,39.0
3496,19.0
3497,22.0
3498,30.0
3499,47.0
3500,39.0
3501,16.0
3502,39.0
3503,60.0
3504,39.0
3505,75.0
3506,19.0
3507,94.0
3508,39.0
3509,53.0
3510,25.0
3511,59.0
3512,0.0
3513,52.0
3514,19.0
3515,39.0
3516,39.0
3517,39.0
3518,38.0
3519,3.0
3520,39.0
3521,39.0
3522,14.0
3523,21.0
3524,39.0
3525,66.0
3526,21.0
3527,36.0
3528,59.0
3529,0.0
3530,91.0
3531,54.0
3532,39.0
3533,39.0
3534,48.0
3535,11.0
3536,39.0
3537,39.0
3538,70.0
3539,19.0
3540,39.0
3541,39.0
3542,35.0
3543,41.0
3544,22.0
3545,39.0
3546,69.0
3547,32.0
3548,54.0
3549,39.0
3550,66.0
3551,16.0
3552,54.0
3553,53.0
3554,58.0
3555,34.0
3556,39.0
3557,68.0
3558,32.0
3559,44.0
3560,28.0
3561,63.0
3562,39.0
3563,60.0
3564,37.0
3565,29.0
3566,39.0
3567,32.0
3568,79.0
3569,85.0
3570,39.0
3571,75.0
3572,39.0
3573,39.0
3574,73.0
3575,24.0
3576,25.0
3577,14.0
3578,60.0
3579,41.0
3580,39.0
3581,58.0
3582,26.0
3583,1.0
3584,88.0
3585,39.0
3586,65.0
3587,49.0
3588,30.0
3589,31.0
3590,33.0
3591,69.0
3592,21.0
3593,29.0
3594,33.0
3595,39.0
3596,15.0
3597,63.0
3598,10.0
3599,68.0
3600,62.0
3601,39.0
3602,91.0
3603,39.0
3604,39.0
3605,48.0
3606,39.0
3607,39.0
3608,30.0
3609,91.0
3610,54.0
3611,39.0
3612,39.0
3613,30.0
3614,43.0
3615,9.0
3616,39.0
3617,12.0
3618,91.0
3619,35.0
3620,31.0
3621,14.0
3622,39.0
3623,39.0
3624,1.0
3625,79.0
3626,39.0
3627,42.0
3628,63.0
3629,39.0
3630,39.0
3631,39.0
3632,24.0
3633,90.0
3634,43.0
3635,27.0
3636,52.0
3637,39.0
3638,67.0
3639,5.0
3640,39.0
3641,58.0
3642,5.0
3643,11.0
3644,9.0
3645,57.0
3646,29.0
3647,16.0
3648,39.0
3649,3.0
3650,32.0
3651,39.0
3652,19.0
3653,68.0
3654,83.0
3655,39.0
3656,39.0
3657,39.0
3658,21.0
3659,40.0
3660,39.0
3661,39.0
3662,42.0
3663,39.0
3664,39.0
3665,3.0
3666,2.0
3667,23.0
3668,39.0
3669,30.0
3670,24.0
3671,76.0
3672,2.0
3673,11.0
3674,43.0
3675,39.0
3676,81.0
3677,32.0
3678,39.0
3679,12.0
3680,32.0
3681,36.0
3682,6.0
3683,39.0
3684,39.0
3685,61.0
3686,67.0
3687,39.0
3688,51.0
3689,21.0
3690,28.0
3691,54.0
3692,51.0
3693,39.0
3694,17.0
3695,39.0
3696,73.0
3697,94.0
3698,39.0
3699,39.0
3700,39.0
3701,39.0
3702,1.0
3703,27.0
3704,14.0
3705,50.0
3706,36.0
3707,39.0
3708,30.0
3709,5.0
3710,15.0
3711,40.0
3712,59.0
3713,1.0
3714,37.0
3715,33.0
3716,22.0
3717,23.0
3718,16.0
3719,14.0
3720,8.0
3721,87.0
3722,39.0
3723,76.0
3724,46.0
3725,37.0
3726,39.0
3727,39.0
3728,71.0
3729,88.0
3730,60.0
3731,39.0
3732,39.0
3733,39.0
3734,96.0
3735,16.0
3736,42.0
3737,55.0
3738,76.0
3739,85.0
3740,52.0
3741,39.0
3742,34.0
3743,39.0
3744,71.0
3745,39.0
3746,56.0
3747,39.0
3748,39.0
3749,64.0
3750,39.0
3751,39.0
3752,36.0
3753,25.0
3754,12.0
3755,39.0
3756,39.0
3757,43.0
3758,28.0
3759,39.0
3760,43.0
3761,39.0
3762,36.0
3763,54.0
3764,25.0
3765,39.0
3766,39.0
3767,39.0
3768,35.0
3769,39.0
3770,41.0
3771,11.0
3772,21.0
3773,86.0
3774,34.0
3775,39.0
3776,4.0
3777,46.0
3778,33.0
3779,31.0
3780,39.0
3781,23.0
3782,39.0
3783,64.0
3784,70.0
3785,1.0
3786,28.0
3787,3.0
3788,4.0
3789,42.0
3790,8.0
3791,19.0
3792,22.0
3793,59.0
3794,54.0
3795,1.0
3796,39.0
3797,39.0
3798,6.0
3799,45.0
3800,39.0
3801,39.0
3802,39.0
3803,62.0
3804,47.0
3805,39.0
3806,28.0
3807,39.0
3808,74.0
3809,89.0
3810,58.0
3811,10.0
3812,39.0
3813,39.0
3814,20.0
3815,47.0
3816,9.0
3817,97.0
3818,12.0
3819,39.0
3820,33.0
3821,55.0
3822,71.0
3823,36.0
3824,60.0
3825,27.0
3826,23.0
3827,39.0
3828,63.0
3829,39.0
3830,94.0
3831,39.0
3832,50.0
3833,39.0
3834,52.0
3835,23.0
3836,23.0
3837,33.0
3838,7.0
3839,9.0
3840,39.0
3841,15.0
3842,52.0
3843,58.0
3844,13.0
3845,39.0
3846,39.0
3847,26.0
3848,96.0
3849,39.0
3850,39.0
3851,39.0
3852,58.0
3853,23.0
3854,39.0
3855,54.0
3856,39.0
3857,47.0
3858,71.0
3859,76.0
3860,4.0
3861,8.0
3862,68.0
3863,85.0
3864,13.0
3865,53.0
3866,94.0
3867,85.0
3868,30.0
3869,39.0
3870,20.0
3871,80.0
3872,6.0
3873,3.0
3874,47.0
3875,39.0
3876,39.0
3877,39.0
3878,39.0
3879,8.0
3880,39.0
3881,33.0
3882,39.0
3883,17.0
3884,72.0
3885,75.0
3886,33.0
3887,39.0
3888,68.0
3889,39.0
3890,39.0
3891,25.0
3892,43.0
3893,26.0
3894,51.0
3895,6.0
3896,7.0
3897,29.0
3898,76.0
3899,76.0
3900,39.0
3901,16.0
3902,39.0
3903,33.0
3904,64.0
3905,39.0
3906,45.0
3907,39.0
3908,39.0
3909,34.0
3910,39.0
3911,41.0
3912,33.0
3913,21.0
3914,82.0
3915,56.0
3916,39.0
3917,39.0
3918,39.0
3919,57.0
3920,39.0
3921,63.0
3922,25.0
3923,16.0
3924,39.0
3925,7.0
3926,62.0
3927,39.0
3928,39.0
3929,39.0
3930,8.0
3931,39.0
3932,4.0
3933,23.0
3934,39.0
3935,54.0
3936,43.0
3937,39.0
3938,39.0
3939,76.0
3940,21.0
3941,39.0
3942,39.0
3943,39.0
3944,30.0
3945,39.0
3946,15.0
3947,76.0
3948,85.0
3949,39.0
3950,31.0
3951,39.0
3952,66.0
3953,44.0
3954,52.0
3955,39.0
3956,86.0
3957,39.0
3958,82.0
3959,8.0
3960,28.0
3961,39.0
3962,10.0
3963,1.0
3964,42.0
3965,47.0
3966,48.0
3967,18.0
3968,20.0
3969,39.0
3970,49.0
3971,39.0
3972,32.0
3973,39.0
3974,34.0
3975,39.0
3976,13.0
3977,39.0
3978,22.0
3979,26.0
3980,39.0
3981,15.0
3982,35.0
3983,51.0
3984,39.0
3985,70.0
3986,88.0
3987,47.0
3988,39.0
3989,39.0
3990,39.0
3991,21.0
3992,41.0
3993,39.0
3994,87.0
3995,39.0
3996,56.0
3997,37.0
3998,46.0
3999,1.0
4000,39.0
4001,15.0
4002,7.0
4003,44.0
4004,1.0
4005,39.0
4006,39.0
4007,39.0
4008,39.0
4009,28.0
4010,18.0
4011,13.0
4012,39.0
4013,34.0
4014,13.0
4015,53.0
4016,34.0
4017,1.0
4018,39.0
4019,51.0
4020,62.0
4021,44.0
4022,39.0
4023,4.0
4024,39.0
4025,90.0
4026,85.0
4027,39.0
4028,39.0
4029,50.0
4030,2.0
4031,39.0
4032,31.0
4033,39.0
4034,39.0
4035,39.0
4036,39.0
4037,0.0
4038,73.0
4039,58.0
4040,77.0
4041,50.0
4042,89.0
4043,58.0
4044,22.0
4045,39.0
4046,43.0
4047,33.0
4048,20.0
4049,87.0
4050,10.0
4051,37.0
4052,33.0
4053,97.0
4054,39.0
4055,39.0
4056,39.0
4057,49.0
4058,2.0
4059,39.0
4060,39.0
4061,39.0
4062,56.0
4063,27.0
4064,18.0
4065,39.0
4066,35.0
4067,39.0
4068,12.0
4069,49.0
4070,41.0
4071,18.0
4072,29.0
4073,39.0
4074,75.0
4075,85.0
4076,17.0
4077,10.0
4078,39.0
4079,20.0
4080,97.0
4081,3.0
4082,30.0
4083,5.0
4084,0.0
4085,45.0
4086,48.0
4087,9.0
4088,39.0
4089,39.0
4090,34.0
4091,39.0
4092,39.0
4093,23.0
4094,39.0
4095,13.0
4096,75.0
4097,33.0
4098,60.0
4099,53.0
4100,24.0
4101,0.0
4102,51.0
4103,39.0
4104,21.0
4105,54.0
4106,79.0
4107,39.0
4108,33.0
4109,39.0
4110,39.0
4111,60.0
4112,43.0
4113,39.0
4114,17.0
4115,39.0
4116,51.0
4117,12.0
4118,31.0
4119,39.0
4120,27.0
4121,39.0
4122,35.0
4123,39.0
4124,27.0
4125,49.0
4126,39.0
4127,82.0
4128,16.0
4129,89.0
4130,30.0
4131,66.0
4132,39.0
4133,39.0
4134,39.0
4135,39.0
4136,84.0
4137,6.0
4138,39.0
4139,39.0
4140,6.0
4141,0.0
4142,13.0
4143,39.0
4144,41.0
4145,37.0
4146,39.0
4147,9.0
4148,4.0
4149,8.0
4150,39.0
4151,69.0
4152,53.0
4153,49.0
4154,39.0
4155,89.0
4156,54.0
4157,19.0
4158,44.0
4159,7.0
4160,7.0
4161,70.0
4162,34.0
4163,39.0
4164,39.0
4165,51.0
4166,38.0
4167,52.0
4168,43.0
4169,39.0
4170,39.0
4171,39.0
4172,39.0
4173,5.0
4174,39.0
4175,39.0
4176,0.0
4177,39.0
4178,28.0
4179,31.0
4180,17.0
4181,95.0
4182,40.0
4183,39.0
4184,39.0
4185,51.0
4186,39.0
4187,39.0
4188,72.0
4189,20.0
4190,4.0
4191,94.0
4192,39.0
4193,53.0
4194,39.0
4195,39.0
4196,17.0
4197,87.0
4198,62.0
4199,39.0
4200,39.0
4201,14.0
4202,70.0
4203,39.0
4204,35.0
4205,27.0
4206,0.0
4207,1.0
4208,39.0
4209,58.0
4210,37.0
4211,39.0
4212,39.0
4213,92.0
4214,47.0
4215,39.0
4216,79.0
4217,39.0
4218,30.0
4219,56.0
4220,39.0
4221,39.0
4222,8.0
4223,39.0
4224,36.0
4225,82.0
4226,6.0
4227,71.0
4228,33.0
4229,17.0
4230,32.0
4231,70.0
4232,71.0
4233,39.0
4234,89.0
4235,11.0
4236,71.0
4237,55.0
4238,39.0
4239,28.0
4240,39.0
4241,94.0
4242,39.0
4243,88.0
4244,39.0
4245,39.0
4246,53.0
4247,36.0
4248,39.0
4249,47.0
4250,16.0
4251,31.0
4252,40.0
4253,33.0
4254,39.0
4255,71.0
4256,39.0
4257,50.0
4258,56.0
4259,61.0
4260,24.0
4261,63.0
4262,71.0
4263,73.0
4264,59.0
4265,39.0
4266,39.0
4267,39.0
4268,15.0
4269,39.0
4270,39.0
4271,30.0
4272,39.0
4273,82.0
4274,39.0
4275,39.0
4276,62.0
4277,58.0
4278,7.0
4279,39.0
4280,32.0
4281,26.0
4282,39.0
4283,39.0
4284,68.0
4285,76.0
4286,76.0
4287,39.0
4288,39.0
4289,39.0
4290,29.0
4291,50.0
4292,63.0
4293,16.0
4294,26.0
4295,39.0
4296,39.0
4297,66.0
4298,8.0
4299,13.0
4300,39.0
4301,65.0
4302,39.0
4303,59.0
4304,39.0
4305,39.0
4306,14.0
4307,39.0
4308,10.0
4309,12.0
4310,76.0
4311,39.0
4312,6.0
4313,22.0
4314,69.0
4315,39.0
4316,48.0
4317,49.0
4318,8.0
4319,1.0
4320,39.0
4321,23.0
4322,64.0
4323,39.0
4324,2.0
4325,17.0
4326,29.0
4327,36.0
4328,39.0
4329,68.0
4330,40.0
4331,39.0
4332,73.0
4333,13.0
4334,39.0
4335,43.0
4336,22.0
4337,13.0
4338,14.0
4339,44.0
4340,39.0
4341,15.0
4342,41.0
4343,16.0
4344,39.0
4345,29.0
4346,53.0
4347,39.0
4348,79.0
4349,37.0
4350,25.0
4351,81.0
4352,10.0
4353,21.0
4354,39.0
4355,9.0
4356,95.0
4357,1.0
4358,68.0
4359,59.0
4360,54.0
4361,8.0
4362,59.0
4363,5.0
4364,24.0
4365,39.0
4366,39.0
4367,87.0
4368,59.0
4369,39.0
4370,82.0
4371,21.0
4372,15.0
4373,39.0
4374,44.0
4375,75.0
4376,39.0
4377,35.0
4378,15.0
4379,87.0
4380,38.0
4381,27.0
4382,39.0
4383,39.0
4384,39.0
4385,39.0
4386,85.0
4387,8.0
4388,39.0
4389,69.0
4390,53.0
4391,39.0
4392,39.0
4393,27.0
4394,28.0
4395,39.0
4396,39.0
4397,47.0
4398,39.0
4399,45.0
4400,39.0
4401,39.0
4402,25.0
4403,97.0
4404,54.0
4405,59.0
4406,39.0
4407,39.0
4408,60.0
4409,91.0
4410,11.0
4411,27.0
4412,39.0
4413,53.0
4414,39.0
4415,66.0
4416,71.0
4417,23.0
4418,53.0
4419,39.0
4420,39.0
4421,47.0
4422,41.0
4423,49.0
4424,5.0
4425,81.0
4426,17.0
4427,6.0
4428,48.0
4429,1.0
4430,39.0
4431,46.0
4432,3.0
4433,58.0
4434,81.0
4435,39.0
4436,54.0
4437,77.0
4438,39.0
4439,32.0
4440,44.0
4441,68.0
4442,31.0
4443,39.0
4444,46.0
4445,39.0
4446,4.0
4447,53.0
4448,39.0
4449,39.0
4450,76.0
4451,3.0
4452,0.0
4453,58.0
4454,25.0
4455,39.0
4456,89.0
4457,39.0
4458,42.0
4459,62.0
4460,1.0
4461,63.0
4462,5.0
4463,1.0
4464,21.0
4465,51.0
4466,39.0
4467,62.0
4468,20.0
4469,11.0
4470,82.0
4471,69.0
4472,39.0
4473,48.0
4474,31.0
4475,39.0
4476,39.0
4477,26.0
4478,23.0
4479,19.0
4480,56.0
4481,39.0
4482,57.0
4483,19.0
4484,68.0
4485,16.0
4486,39.0
4487,39.0
4488,39.0
4489,73.0
4490,26.0
4491,14.0
4492,62.0
4493,94.0
4494,47.0
4495,43.0
4496,39.0
4497,14.0
4498,24.0
4499,62.0
4500,39.0
4501,19.0
4502,68.0
4503,39.0
4504,39.0
4505,39.0
4506,32.0
4507,39.0
4508,83.0
4509,54.0
4510,34.0
4511,74.0
4512,15.0
4513,43.0
4514,86.0
4515,17.0
4516,39.0
4517,23.0
4518,39.0
4519,62.0
4520,29.0
4521,41.0
4522,2.0
4523,39.0
4524,12.0
4525,9.0
4526,61.0
4527,31.0
4528,42.0
4529,76.0
4530,39.0
4531,36.0
4532,17.0
4533,42.0
4534,39.0
4535,39.0
4536,16.0
4537,52.0
4538,10.0
4539,6.0
4540,42.0
4541,30.0
4542,39.0
4543,17.0
4544,70.0
4545,46.0
4546,2.0
4547,52.0
4548,39.0
4549,47.0
4550,39.0
4551,39.0
4552,70.0
4553,94.0
4554,56.0
4555,39.0
4556,39.0
4557,39.0
4558,78.0
4559,54.0
4560,50.0
4561,47.0
4562,21.0
4563,39.0
4564,39.0
4565,1.0
4566,39.0
4567,39.0
4568,22.0
4569,30.0
4570,49.0
4571,39.0
4572,53.0
4573,43.0
4574,39.0
4575,42.0
4576,59.0
4577,39.0
4578,54.0
4579,88.0
4580,39.0
4581,14.0
4582,39.0
4583,76.0
4584,76.0
4585,21.0
4586,39.0
4587,20.0
4588,39.0
4589,51.0
4590,76.0
4591,39.0
4592,39.0
4593,47.0
4594,39.0
4595,39.0
4596,81.0
4597,39.0
4598,11.0
4599,3.0
4600,49.0
4601,43.0
4602,62.0
4603,39.0
4604,76.0
4605,94.0
4606,23.0
4607,94.0
4608,39.0
4609,39.0
4610,4.0
4611,27.0
4612,21.0
4613,81.0
4614,53.0
4615,79.0
4616,39.0
4617,48.0
4618,39.0
4619,9.0
4620,49.0
4621,33.0
4622,0.0
4623,54.0
4624,30.0
4625,16.0
4626,63.0
4627,39.0
4628,39.0
4629,39.0
4630,39.0
4631,81.0
4632,71.0
4633,24.0
4634,82.0
4635,39.0
4636,39.0
4637,39.0
4638,39.0
4639,61.0
4640,13.0
4641,73.0
4642,56.0
4643,21.0
4644,21.0
4645,39.0
4646,39.0
4647,58.0
4648,12.0
4649,39.0
4650,39.0
4651,16.0
4652,39.0
4653,53.0
4654,3.0
4655,3.0
4656,92.0
4657,85.0
4658,15.0
4659,59.0
4660,32.0
4661,75.0
4662,39.0
4663,17.0
4664,27.0
4665,63.0
4666,30.0
4667,76.0
4668,39.0
4669,60.0
4670,39.0
4671,68.0
4672,39.0
4673,39.0
4674,39.0
4675,39.0
4676,39.0
4677,1.0
4678,15.0
4679,30.0
4680,9.0
4681,41.0
4682,70.0
4683,39.0
4684,10.0
4685,76.0
4686,69.0
4687,72.0
4688,16.0
4689,39.0
4690,69.0
4691,39.0
4692,39.0
4693,39.0
4694,82.0
4695,39.0
4696,39.0
4697,39.0
4698,39.0
4699,71.0
4700,39.0
4701,34.0
4702,6.0
4703,66.0
4704,39.0
4705,5.0
4706,39.0
4707,39.0
4708,39.0
4709,54.0
4710,39.0
4711,39.0
4712,80.0
4713,39.0
4714,15.0
4715,62.0
4716,58.0
4717,32.0
4718,39.0
4719,39.0
4720,5.0
4721,39.0
4722,39.0
4723,28.0
4724,28.0
4725,28.0
4726,94.0
4727,16.0
4728,39.0
4729,39.0
4730,29.0
4731,39.0
4732,39.0
4733,39.0
4734,17.0
4735,94.0
4736,59.0
4737,39.0
4738,13.0
4739,39.0
4740,39.0
4741,53.0
4742,1.0
4743,8.0
4744,87.0
4745,39.0
4746,4.0
4747,20.0
4748,58.0
4749,24.0
4750,10.0
4751,5.0
4752,97.0
4753,25.0
4754,14.0
4755,11.0
4756,14.0
4757,52.0
4758,39.0
4759,38.0
4760,63.0
4761,53.0
4762,60.0
4763,28.0
4764,61.0
4765,39.0
4766,39.0
4767,48.0
4768,39.0
4769,75.0
4770,27.0
4771,39.0
4772,40.0
4773,39.0
4774,39.0
4775,35.0
4776,39.0
4777,44.0
4778,39.0
4779,4.0
4780,39.0
4781,47.0
4782,39.0
4783,66.0
4784,46.0
4785,76.0
4786,39.0
4787,39.0
4788,6.0
4789,40.0
4790,75.0
4791,38.0
4792,3.0
4793,39.0
4794,50.0
4795,99.0
4796,5.0
4797,64.0
4798,39.0
4799,96.0
4800,39.0
4801,54.0
4802,83.0
4803,20.0
4804,60.0
4805,1.0
4806,27.0
4807,39.0
4808,18.0
4809,58.0
4810,39.0
4811,39.0
4812,63.0
4813,97.0
4814,39.0
4815,39.0
4816,4.0
4817,69.0
4818,37.0
4819,2.0
4820,39.0
4821,89.0
4822,3.0
4823,58.0
4824,14.0
4825,39.0
4826,47.0
4827,36.0
4828,5.0
4829,35.0
4830,26.0
4831,48.0
4832,35.0
4833,61.0
4834,22.0
4835,39.0
4836,68.0
4837,6.0
4838,35.0
4839,68.0
4840,39.0
4841,39.0
4842,39.0
4843,39.0
4844,8.0
4845,39.0
4846,57.0
4847,21.0
4848,18.0
4849,7.0
4850,3.0
4851,20.0
4852,63.0
4853,6.0
4854,36.0
4855,23.0
4856,39.0
4857,81.0
4858,29.0
4859,39.0
4860,25.0
4861,42.0
4862,94.0
4863,39.0
4864,31.0
4865,39.0
4866,32.0
4867,24.0
4868,44.0
4869,34.0
4870,39.0
4871,47.0
4872,24.0
4873,26.0
4874,53.0
4875,51.0
4876,46.0
4877,39.0
4878,1.0
4879,74.0
4880,73.0
4881,39.0
4882,39.0
4883,69.0
4884,39.0
4885,17.0
4886,37.0
4887,39.0
4888,21.0
4889,4.0
4890,39.0
4891,35.0
4892,2.0
4893,53.0
4894,39.0
4895,46.0
4896,13.0
4897,39.0
4898,39.0
4899,39.0
4900,39.0
4901,30.0
4902,49.0
4903,12.0
4904,43.0
4905,52.0
4906,39.0
4907,62.0
4908,47.0
4909,12.0
4910,82.0
4911,86.0
4912,56.0
4913,94.0
4914,39.0
4915,76.0
4916,10.0
4917,84.0
4918,39.0
4919,91.0
4920,39.0
4921,39.0
4922,32.0
4923,39.0
4924,29.0
4925,39.0
4926,23.0
4927,39.0
4928,84.0
4929,39.0
4930,61.0
4931,24.0
4932,20.0
4933,58.0
4934,29.0
4935,39.0
4936,71.0
4937,39.0
4938,17.0
4939,39.0
4940,3.0
4941,6.0
4942,39.0
4943,60.0
4944,44.0
4945,39.0
4946,22.0
4947,39.0
4948,3.0
4949,57.0
4950,79.0
4951,69.0
4952,13.0
4953,21.0
4954,67.0
4955,68.0
4956,25.0
4957,23.0
4958,34.0
4959,22.0
4960,30.0
4961,85.0
4962,71.0
4963,39.0
4964,27.0
4965,64.0
4966,39.0
4967,47.0
4968,44.0
4969,65.0
4970,48.0
4971,34.0
4972,39.0
4973,39.0
4974,39.0
4975,39.0
4976,61.0
4977,39.0
4978,35.0
4979,31.0
4980,39.0
4981,91.0
4982,77.0
4983,39.0
4984,24.0
4985,0.0
4986,39.0
4987,32.0
4988,71.0
4989,45.0
4990,78.0
4991,71.0
4992,39.0
4993,39.0
4994,39.0
4995,56.0
4996,37.0
4997,57.0
4998,71.0
4999,37.0
5000,9.0
5001,85.0
5002,70.0
5003,39.0
5004,18.0
5005,31.0
5006,47.0
5007,19.0
5008,7.0
5009,39.0
5010,62.0
5011,47.0
5012,13.0
5013,55.0
5014,82.0
5015,39.0
5016,39.0
5017,77.0
5018,42.0
5019,30.0
5020,27.0
5021,68.0
5022,76.0
5023,19.0
5024,23.0
5025,39.0
5026,30.0
5027,39.0
5028,39.0
5029,87.0
5030,5.0
5031,75.0
5032,37.0
5033,29.0
5034,31.0
5035,39.0
5036,39.0
5037,48.0
5038,39.0
5039,60.0
5040,3.0
5041,97.0
5042,60.0
5043,92.0
5044,11.0
5045,9.0
5046,39.0
5047,39.0
5048,1.0
5049,4.0
5050,39.0
5051,39.0
5052,91.0
5053,39.0
5054,57.0
5055,46.0
5056,68.0
5057,5.0
5058,7.0
5059,21.0
5060,39.0
5061,39.0
5062,35.0
5063,41.0
5064,43.0
5065,74.0
5066,3.0
5067,48.0
5068,30.0
5069,40.0
5070,47.0
5071,39.0
5072,38.0
5073,39.0
5074,38.0
5075,17.0
5076,39.0
5077,39.0
5078,39.0
5079,39.0
5080,5.0
5081,39.0
5082,85.0
5083,39.0
5084,35.0
5085,82.0
5086,70.0
5087,1.0
5088,39.0
5089,2.0
5090,31.0
5091,28.0
5092,27.0
5093,25.0
5094,15.0
5095,96.0
5096,39.0
5097,39.0
5098,81.0
5099,66.0
5100,57.0
5101,39.0
5102,69.0
5103,39.0
5104,60.0
5105,39.0
5106,8.0
5107,8.0
5108,25.0
5109,55.0
5110,39.0
5111,52.0
5112,2.0
5113,39.0
5114,39.0
5115,39.0
5116,39.0
5117,39.0
5118,39.0
5119,20.0
5120,39.0
5121,75.0
5122,39.0
5123,47.0
5124,76.0
5125,16.0
5126,39.0
5127,41.0
5128,39.0
5129,36.0
5130,39.0
5131,58.0
5132,94.0
5133,39.0
5134,39.0
5135,43.0
5136,16.0
5137,66.0
5138,39.0
5139,26.0
5140,39.0
5141,48.0
5142,57.0
5143,94.0
5144,6.0
5145,3.0
5146,40.0
5147,38.0
5148,13.0
5149,75.0
5150,75.0
5151,70.0
5152,18.0
5153,39.0
5154,34.0
5155,54.0
5156,12.0
5157,73.0
5158,41.0
5159,19.0
5160,29.0
5161,52.0
5162,9.0
5163,39.0
5164,61.0
5165,75.0
5166,39.0
5167,50.0
5168,27.0
5169,92.0
5170,39.0
5171,0.0
5172,30.0
5173,85.0
5174,81.0
5175,39.0
5176,42.0
5177,3.0
5178,55.0
5179,49.0
5180,97.0
5181,85.0
5182,11.0
5183,59.0
5184,59.0
5185,60.0
5186,39.0
5187,39.0
5188,39.0
5189,11.0
5190,5.0
5191,39.0
5192,90.0
5193,20.0
5194,39.0
5195,18.0
5196,39.0
5197,39.0
5198,39.0
5199,59.0
5200,11.0
5201,35.0
5202,19.0
5203,61.0
5204,13.0
5205,95.0
5206,52.0
5207,39.0
5208,83.0
5209,39.0
5210,56.0
5211,39.0
5212,49.0
5213,3.0
5214,81.0
5215,26.0
5216,94.0
5217,37.0
5218,17.0
5219,39.0
5220,4.0
5221,33.0
5222,40.0
5223,13.0
5224,2.0
5225,25.0
5226,71.0
5227,12.0
5228,6.0
5229,90.0
5230,47.0
5231,69.0
5232,13.0
5233,39.0
5234,18.0
5235,39.0
5236,35.0
5237,39.0
5238,10.0
5239,12.0
5240,39.0
5241,36.0
5242,39.0
5243,17.0
5244,57.0
5245,39.0
5246,39.0
5247,28.0
5248,83.0
5249,39.0
5250,13.0
5251,0.0
5252,76.0
5253,13.0
5254,37.0
5255,39.0
5256,42.0
5257,32.0
5258,39.0
5259,11.0
5260,39.0
5261,63.0
5262,14.0
5263,39.0
5264,39.0
5265,71.0
5266,50.0
5267,39.0
5268,30.0
5269,39.0
5270,15.0
5271,28.0
5272,39.0
5273,23.0
5274,36.0
5275,51.0
5276,41.0
5277,1.0
5278,71.0
5279,39.0
5280,39.0
5281,2.0
5282,24.0
5283,3.0
5284,39.0
5285,39.0
5286,59.0
5287,13.0
5288,45.0
5289,61.0
5290,71.0
5291,44.0
5292,34.0
5293,4.0
5294,39.0
5295,39.0
5296,39.0
5297,39.0
5298,39.0
5299,82.0
5300,30.0
5301,0.0
5302,75.0
5303,1.0
5304,29.0
5305,39.0
5306,39.0
5307,10.0
5308,39.0
5309,26.0
5310,97.0
5311,39.0
5312,5.0
5313,74.0
5314,29.0
5315,37.0
5316,39.0
5317,10.0
5318,24.0
5319,39.0
5320,16.0
5321,39.0
5322,61.0
5323,39.0
5324,70.0
5325,39.0
5326,39.0
5327,74.0
5328,36.0
5329,39.0
5330,47.0
5331,39.0
5332,39.0
5333,39.0
5334,9.0
5335,39.0
5336,39.0
5337,39.0
5338,39.0
5339,39.0
5340,81.0
5341,50.0
5342,39.0
5343,97.0
5344,39.0
5345,20.0
5346,39.0
5347,48.0
5348,25.0
5349,9.0
5350,21.0
5351,39.0
5352,39.0
5353,5.0
5354,20.0
5355,3.0
5356,39.0
5357,0.0
5358,52.0
5359,39.0
5360,71.0
5361,39.0
5362,39.0
5363,39.0
5364,91.0
5365,13.0
5366,91.0
5367,24.0
5368,39.0
5369,53.0
5370,69.0
5371,57.0
5372,42.0
5373,39.0
5374,26.0
5375,39.0
5376,11.0
5377,39.0
5378,84.0
5379,49.0
5380,87.0
5381,39.0
5382,74.0
5383,39.0
5384,39.0
5385,15.0
5386,39.0
5387,16.0
5388,39.0
5389,0.0
5390,42.0
5391,42.0
5392,17.0
5393,68.0
5394,39.0
5395,88.0
5396,0.0
5397,96.0
5398,39.0
5399,24.0
5400,44.0
5401,86.0
5402,34.0
5403,39.0
5404,39.0
5405,86.0
5406,84.0
5407,39.0
5408,82.0
5409,39.0
5410,69.0
5411,53.0
5412,10.0
5413,54.0
5414,39.0
5415,39.0
5416,39.0
5417,39.0
5418,37.0
5419,49.0
5420,39.0
5421,54.0
5422,67.0
5423,27.0
5424,39.0
5425,6.0
5426,39.0
5427,4.0
5428,38.0
5429,15.0
5430,39.0
5431,6.0
5432,17.0
5433,50.0
5434,39.0
5435,39.0
5436,27.0
5437,35.0
5438,70.0
5439,39.0
5440,19.0
5441,17.0
5442,39.0
5443,79.0
5444,6.0
5445,39.0
5446,17.0
5447,41.0
5448,39.0
5449,39.0
5450,39.0
5451,26.0
5452,68.0
5453,64.0
5454,39.0
5455,42.0
5456,62.0
5457,8.0
5458,35.0
5459,71.0
5460,94.0
5461,47.0
5462,38.0
5463,15.0
5464,22.0
5465,39.0
5466,51.0
5467,39.0
5468,60.0
5469,82.0
5470,26.0
5471,48.0
5472,39.0
5473,30.0
5474,22.0
5475,39.0
5476,39.0
5477,84.0
5478,39.0
5479,13.0
5480,58.0
5481,31.0
5482,76.0
5483,12.0
5484,56.0
5485,19.0
5486,75.0
5487,94.0
5488,68.0
5489,8.0
5490,21.0
5491,13.0
5492,39.0
5493,20.0
5494,49.0
5495,39.0
5496,39.0
5497,39.0
5498,68.0
5499,15.0
5500,39.0
5501,9.0
5502,34.0
5503,39.0
5504,26.0
5505,39.0
5506,39.0
5507,39.0
5508,39.0
5509,48.0
5510,92.0
5511,54.0
5512,20.0
5513,39.0
5514,62.0
5515,39.0
5516,61.0
5517,39.0
5518,6.0
5519,39.0
5520,0.0
5521,39.0
5522,26.0
5523,60.0
5524,30.0
5525,39.0
5526,1.0
5527,39.0
5528,39.0
5529,39.0
5530,54.0
5531,16.0
5532,41.0
5533,79.0
5534,39.0
5535,67.0
5536,39.0
5537,39.0
5538,9.0
5539,39.0
5540,4.0
5541,19.0
5542,22.0
5543,39.0
5544,43.0
5545,45.0
5546,55.0
5547,60.0
5548,3.0
5549,22.0
5550,36.0
5551,39.0
5552,7.0
5553,20.0
5554,39.0
5555,54.0
5556,78.0
5557,14.0
5558,17.0
5559,13.0
5560,77.0
5561,75.0
5562,66.0
5563,56.0
5564,64.0
5565,82.0
5566,71.0
5567,29.0
5568,92.0
5569,28.0
5570,55.0
5571,90.0
5572,59.0
5573,39.0
5574,74.0
5575,18.0
5576,39.0
5577,19.0
5578,39.0
5579,37.0
5580,43.0
5581,87.0
5582,52.0
5583,85.0
5584,39.0
5585,30.0
5586,39.0
5587,39.0
5588,23.0
5589,39.0
5590,60.0
5591,6.0
5592,39.0
5593,59.0
5594,40.0
5595,39.0
5596,8.0
5597,56.0
5598,49.0
5599,54.0
5600,66.0
5601,48.0
5602,39.0
5603,60.0
5604,79.0
5605,39.0
5606,39.0
5607,70.0
5608,39.0
5609,6.0
5610,64.0
5611,45.0
5612,39.0
5613,40.0
5614,16.0
5615,68.0
5616,76.0
5617,39.0
5618,39.0
5619,82.0
5620,22.0
5621,75.0
5622,4.0
5623,46.0
5624,39.0
5625,39.0
5626,39.0
5627,54.0
5628,13.0
5629,49.0
5630,39.0
5631,39.0
5632,39.0
5633,94.0
5634,12.0
5635,39.0
5636,87.0
5637,4.0
5638,29.0
5639,26.0
5640,6.0
5641,39.0
5642,3.0
5643,4.0
5644,11.0
5645,2.0
5646,39.0
5647,24.0
5648,30.0
5649,15.0
5650,23.0
5651,52.0
5652,50.0
5653,83.0
5654,39.0
5655,39.0
5656,39.0
5657,39.0
5658,19.0
5659,14.0
5660,71.0
5661,39.0
5662,39.0
5663,51.0
5664,22.0
5665,47.0
5666,70.0
5667,58.0
5668,47.0
5669,54.0
5670,12.0
5671,7.0
5672,39.0
5673,41.0
5674,45.0
5675,55.0
5676,46.0
5677,95.0
5678,47.0
5679,9.0
5680,87.0
5681,58.0
5682,21.0
5683,39.0
5684,7.0
5685,9.0
5686,39.0
5687,10.0
5688,71.0
5689,30.0
5690,39.0
5691,45.0
5692,39.0
5693,39.0
5694,68.0
5695,5.0
5696,22.0
5697,39.0
5698,0.0
5699,4.0
5700,39.0
5701,27.0
5702,33.0
5703,26.0
5704,8.0
5705,39.0
5706,39.0
5707,39.0
5708,63.0
5709,2.0
5710,12.0
5711,39.0
5712,86.0
5713,39.0
5714,89.0
5715,39.0
5716,69.0
5717,44.0
5718,17.0
5719,50.0
5720,31.0
5721,52.0
5722,43.0
5723,34.0
5724,3.0
5725,39.0
5726,39.0
5727,39.0
5728,4.0
5729,69.0
5730,39.0
5731,39.0
5732,18.0
5733,71.0
5734,7.0
5735,38.0
5736,8.0
5737,33.0
5738,39.0
5739,63.0
5740,70.0
5741,39.0
5742,39.0
5743,39.0
5744,19.0
5745,39.0
5746,42.0
5747,68.0
5748,5.0
5749,20.0
5750,51.0
5751,39.0
5752,58.0
5753,23.0
5754,85.0
5755,39.0
5756,39.0
5757,27.0
5758,39.0
5759,37.0
5760,16.0
5761,39.0
5762,42.0
5763,39.0
5764,39.0
5765,39.0
5766,89.0
5767,47.0
5768,23.0
5769,67.0
5770,45.0
5771,15.0
5772,18.0
5773,31.0
5774,35.0
5775,69.0
5776,39.0
5777,19.0
5778,39.0
5779,39.0
5780,71.0
5781,89.0
5782,17.0
5783,13.0
5784,4.0
5785,37.0
5786,53.0
5787,54.0
5788,39.0
5789,39.0
5790,70.0
5791,51.0
5792,39.0
5793,10.0
5794,39.0
5795,27.0
5796,4.0
5797,0.0
5798,93.0
5799,39.0
5800,39.0
5801,36.0
5802,39.0
5803,62.0
5804,51.0
5805,89.0
5806,38.0
5807,2.0
5808,39.0
5809,39.0
5810,82.0
5811,4.0
5812,39.0
5813,25.0
5814,61.0
5815,96.0
5816,60.0
5817,23.0
5818,6.0
5819,42.0
5820,87.0
5821,94.0
5822,39.0
5823,15.0
5824,35.0
5825,91.0
5826,53.0
5827,39.0
5828,54.0
5829,16.0
5830,29.0
5831,39.0
5832,39.0
5833,69.0
5834,32.0
5835,22.0
5836,39.0
5837,47.0
5838,69.0
5839,87.0
5840,0.0
5841,39.0
5842,11.0
5843,43.0
5844,0.0
5845,96.0
5846,94.0
5847,36.0
5848,36.0
5849,7.0
5850,11.0
5851,0.0
5852,59.0
5853,49.0
5854,6.0
5855,39.0
5856,79.0
5857,79.0
5858,70.0
5859,25.0
5860,39.0
5861,18.0
5862,39.0
5863,22.0
5864,49.0
5865,88.0
5866,39.0
5867,95.0
5868,17.0
5869,11.0
5870,39.0
5871,35.0
5872,20.0
5873,1.0
5874,24.0
5875,21.0
5876,69.0
5877,5.0
5878,96.0
5879,87.0
5880,9.0
5881,33.0
5882,49.0
5883,39.0
5884,39.0
5885,24.0
5886,47.0
5887,39.0
5888,81.0
5889,46.0
5890,47.0
5891,15.0
5892,14.0
5893,66.0
5894,7.0
5895,23.0
5896,38.0
5897,37.0
5898,53.0
5899,3.0
5900,2.0
5901,44.0
5902,53.0
5903,53.0
5904,37.0
5905,23.0
5906,27.0
5907,15.0
5908,3.0
5909,17.0
5910,39.0
5911,16.0
5912,13.0
5913,39.0
5914,39.0
5915,17.0
5916,14.0
5917,39.0
5918,96.0
5919,58.0
5920,43.0
5921,39.0
5922,0.0
5923,61.0
5924,53.0
5925,60.0
5926,39.0
5927,28.0
5928,36.0
5929,17.0
5930,39.0
5931,92.0
5932,28.0
5933,39.0
5934,43.0
5935,29.0
5936,59.0
5937,4.0
5938,39.0
5939,39.0
5940,70.0
5941,5.0
5942,39.0
5943,39.0
5944,16.0
5945,63.0
5946,35.0
5947,4.0
5948,66.0
5949,54.0
5950,53.0
5951,1.0
5952,5.0
5953,94.0
5954,69.0
5955,57.0
5956,39.0
5957,24.0
5958,68.0
5959,39.0
5960,39.0
5961,39.0
5962,39.0
5963,31.0
5964,39.0
5965,57.0
5966,29.0
5967,51.0
5968,39.0
5969,93.0
5970,35.0
5971,39.0
5972,56.0
5973,2.0
5974,28.0
5975,35.0
5976,8.0
5977,41.0
5978,49.0
5979,35.0
5980,71.0
5981,28.0
5982,30.0
5983,39.0
5984,52.0
5985,69.0
5986,82.0
5987,95.0
5988,30.0
5989,22.0
5990,39.0
5991,46.0
5992,71.0
5993,5.0
5994,39.0
5995,26.0
5996,8.0
5997,33.0
5998,39.0
5999,61.0
6000,39.0
6001,0.0
6002,39.0
6003,39.0
6004,39.0
6005,39.0
6006,39.0
6007,39.0
6008,39.0
6009,55.0
6010,7.0
6011,20.0
6012,17.0
6013,39.0
6014,12.0
6015,39.0
6016,39.0
6017,39.0
6018,39.0
6019,47.0
6020,59.0
6021,39.0
6022,88.0
6023,39.0
6024,40.0
6025,1.0
6026,39.0
6027,13.0
6028,50.0
6029,28.0
6030,40.0
6031,28.0
6032,39.0
6033,39.0
6034,39.0
6035,39.0
6036,39.0
6037,39.0
6038,39.0
6039,55.0
6040,39.0
6041,19.0
6042,6.0
6043,76.0
6044,39.0
6045,5.0
6046,67.0
6047,68.0
6048,79.0
6049,0.0
6050,84.0
6051,58.0
6052,4.0
6053,39.0
6054,47.0
6055,39.0
6056,39.0
6057,94.0
6058,34.0
6059,9.0
6060,0.0
6061,69.0
6062,99.0
6063,90.0
6064,52.0
6065,23.0
6066,39.0
6067,24.0
6068,60.0
6069,36.0
6070,7.0
6071,39.0
6072,16.0
6073,89.0
6074,43.0
6075,53.0
6076,91.0
6077,8.0
6078,39.0
6079,63.0
6080,7.0
6081,74.0
6082,53.0
6083,39.0
6084,55.0
6085,5.0
6086,47.0
6087,23.0
6088,53.0
6089,71.0
6090,53.0
6091,47.0
6092,71.0
6093,39.0
6094,56.0
6095,16.0
6096,10.0
6097,87.0
6098,39.0
6099,17.0
6100,58.0
6101,16.0
6102,75.0
6103,8.0
6104,69.0
6105,39.0
6106,52.0
6107,42.0
6108,40.0
6109,38.0
6110,39.0
6111,39.0
6112,51.0
6113,29.0
6114,34.0
6115,42.0
6116,68.0
6117,39.0
6118,13.0
6119,68.0
6120,39.0
6121,24.0
6122,23.0
6123,39.0
6124,51.0
6125,39.0
6126,35.0
6127,39.0
6128,39.0
6129,63.0
6130,89.0
6131,25.0
6132,7.0
6133,39.0
6134,23.0
6135,39.0
6136,43.0
6137,39.0
6138,75.0
6139,30.0
6140,39.0
6141,87.0
6142,75.0
6143,32.0
6144,61.0
6145,55.0
6146,39.0
6147,10.0
6148,16.0
6149,92.0
6150,28.0
6151,19.0
6152,48.0
6153,89.0
6154,44.0
6155,88.0
6156,48.0
6157,9.0
6158,72.0
6159,7.0
6160,32.0
6161,5.0
6162,35.0
6163,39.0
6164,56.0
6165,39.0
6166,79.0
6167,36.0
6168,8.0
6169,15.0
6170,43.0
6171,35.0
6172,39.0
6173,30.0
6174,50.0
6175,75.0
6176,10.0
6177,18.0
6178,18.0
6179,41.0
6180,62.0
6181,13.0
6182,15.0
6183,15.0
6184,88.0
6185,39.0
6186,39.0
6187,68.0
6188,50.0
6189,18.0
6190,37.0
6191,3.0
6192,39.0
6193,39.0
6194,39.0
6195,39.0
6196,75.0
6197,39.0
6198,48.0
6199,76.0
6200,29.0
6201,21.0
6202,7.0
6203,18.0
6204,39.0
6205,82.0
6206,39.0
6207,49.0
6208,59.0
6209,23.0
6210,39.0
6211,70.0
6212,20.0
6213,25.0
6214,63.0
6215,91.0
6216,12.0
6217,42.0
6218,5.0
6219,39.0
6220,39.0
6221,82.0
6222,59.0
6223,39.0
6224,39.0
6225,51.0
6226,39.0
6227,17.0
6228,5.0
6229,7.0
6230,39.0
6231,39.0
6232,39.0
6233,9.0
6234,14.0
6235,52.0
6236,66.0
6237,4.0
6238,23.0
6239,39.0
6240,14.0
6241,31.0
6242,38.0
6243,39.0
6244,39.0
6245,39.0
6246,39.0
6247,39.0
6248,39.0
6249,38.0
6250,39.0
6251,39.0
6252,22.0
6253,41.0
6254,27.0
6255,96.0
6256,12.0
6257,48.0
6258,68.0
6259,68.0
6260,75.0
6261,39.0
6262,8.0
6263,3.0
6264,12.0
6265,11.0
6266,39.0
6267,30.0
6268,41.0
6269,51.0
6270,39.0
6271,39.0
6272,58.0
6273,87.0
6274,19.0
6275,55.0
6276,45.0
6277,4.0
6278,33.0
6279,38.0
6280,94.0
6281,39.0
6282,13.0
6283,6.0
6284,59.0
6285,39.0
6286,39.0
6287,31.0
6288,58.0
6289,39.0
6290,34.0
6291,61.0
6292,94.0
6293,39.0
6294,17.0
6295,41.0
6296,24.0
6297,39.0
6298,30.0
6299,39.0
6300,8.0
6301,12.0
6302,39.0
6303,39.0
6304,39.0
6305,3.0
6306,52.0
6307,39.0
6308,76.0
6309,57.0
6310,27.0
6311,25.0
6312,6.0
6313,4.0
6314,39.0
6315,36.0
6316,52.0
6317,39.0
6318,81.0
6319,39.0
6320,59.0
6321,39.0
6322,34.0
6323,14.0
6324,5.0
6325,60.0
6326,27.0
6327,39.0
6328,28.0
6329,0.0
6330,3.0
6331,39.0
6332,39.0
6333,10.0
6334,39.0
6335,12.0
6336,39.0
6337,35.0
6338,17.0
6339,43.0
6340,39.0
6341,9.0
6342,58.0
6343,46.0
6344,31.0
6345,39.0
6346,39.0
6347,39.0
6348,39.0
6349,34.0
6350,41.0
6351,39.0
6352,53.0
6353,21.0
6354,26.0
6355,76.0
6356,22.0
6357,39.0
6358,39.0
6359,39.0
6360,54.0
6361,17.0
6362,39.0
6363,20.0
6364,39.0
6365,29.0
6366,62.0
6367,48.0
6368,39.0
6369,39.0
6370,80.0
6371,18.0
6372,11.0
6373,71.0
6374,39.0
6375,39.0
6376,94.0
6377,24.0
6378,39.0
6379,39.0
6380,37.0
6381,53.0
6382,1.0
6383,2.0
6384,48.0
6385,39.0
6386,69.0
6387,39.0
6388,49.0
6389,24.0
6390,7.0
6391,82.0
6392,50.0
6393,21.0
6394,7.0
6395,57.0
6396,61.0
6397,22.0
6398,39.0
6399,10.0
6400,82.0
6401,39.0
6402,13.0
6403,39.0
6404,47.0
6405,59.0
6406,26.0
6407,2.0
6408,39.0
6409,39.0
6410,39.0
6411,97.0
6412,39.0
6413,39.0
6414,39.0
6415,68.0
6416,39.0
6417,31.0
6418,50.0
6419,14.0
6420,68.0
6421,10.0
6422,39.0
6423,1.0
6424,8.0
6425,43.0
6426,39.0
6427,39.0
6428,25.0
6429,28.0
6430,52.0
6431,39.0
6432,11.0
6433,39.0
6434,3.0
6435,39.0
6436,91.0
6437,39.0
6438,39.0
6439,39.0
6440,39.0
6441,39.0
6442,39.0
6443,39.0
6444,34.0
6445,5.0
6446,11.0
6447,8.0
6448,39.0
6449,46.0
6450,39.0
6451,38.0
6452,66.0
6453,39.0
6454,29.0
6455,39.0
6456,53.0
6457,9.0
6458,52.0
6459,2.0
6460,51.0
6461,6.0
6462,18.0
6463,66.0
6464,24.0
6465,39.0
6466,39.0
6467,39.0
6468,71.0
6469,94.0
6470,39.0
6471,39.0
6472,39.0
6473,39.0
6474,41.0
6475,42.0
6476,51.0
6477,27.0
6478,59.0
6479,39.0
6480,39.0
6481,39.0
6482,31.0
6483,31.0
6484,39.0
6485,1.0
6486,71.0
6487,84.0
6488,12.0
6489,15.0
6490,39.0
6491,39.0
6492,61.0
6493,14.0
6494,39.0
6495,18.0
6496,3.0
6497,54.0
6498,43.0
6499,37.0
6500,18.0
6501,10.0
6502,39.0
6503,18.0
6504,39.0
6505,39.0
6506,39.0
6507,55.0
6508,39.0
6509,39.0
6510,39.0
6511,20.0
6512,26.0
6513,39.0
6514,52.0
6515,39.0
6516,39.0
6517,39.0
6518,29.0
6519,25.0
6520,4.0
6521,11.0
6522,52.0
6523,20.0
6524,39.0
6525,69.0
6526,46.0
6527,8.0
6528,28.0
6529,42.0
6530,86.0
6531,53.0
6532,39.0
6533,39.0
6534,27.0
6535,70.0
6536,39.0
6537,37.0
6538,39.0
6539,75.0
6540,32.0
6541,7.0
6542,4.0
6543,42.0
6544,31.0
6545,56.0
6546,58.0
6547,30.0
6548,39.0
6549,60.0
6550,25.0
6551,30.0
6552,81.0
6553,38.0
6554,30.0
6555,25.0
6556,39.0
6557,42.0
6558,21.0
6559,50.0
6560,8.0
6561,68.0
6562,50.0
6563,11.0
6564,10.0
6565,39.0
6566,39.0
6567,9.0
6568,27.0
6569,71.0
6570,7.0
6571,86.0
6572,11.0
6573,24.0
6574,39.0
6575,24.0
6576,39.0
6577,39.0
6578,39.0
6579,49.0
6580,39.0
6581,39.0
6582,19.0
6583,30.0
6584,39.0
6585,39.0
6586,39.0
6587,49.0
6588,94.0
6589,6.0
6590,37.0
6591,33.0
6592,39.0
6593,39.0
6594,39.0
6595,76.0
6596,53.0
6597,39.0
6598,15.0
6599,76.0
6600,73.0
6601,39.0
6602,39.0
6603,39.0
6604,0.0
6605,29.0
6606,39.0
6607,81.0
6608,2.0
6609,22.0
6610,69.0
6611,40.0
6612,39.0
6613,42.0
6614,85.0
6615,34.0
6616,44.0
6617,10.0
6618,41.0
6619,4.0
6620,2.0
6621,63.0
6622,39.0
6623,33.0
6624,24.0
6625,39.0
6626,4.0
6627,39.0
6628,26.0
6629,81.0
6630,55.0
6631,42.0
6632,39.0
6633,34.0
6634,97.0
6635,13.0
6636,73.0
6637,39.0
6638,39.0
6639,39.0
6640,24.0
6641,10.0
6642,26.0
6643,82.0
6644,39.0
6645,17.0
6646,23.0
6647,7.0
6648,33.0
6649,57.0
6650,82.0
6651,5.0
6652,60.0
6653,31.0
6654,79.0
6655,4.0
6656,48.0
6657,39.0
6658,39.0
6659,39.0
6660,62.0
6661,9.0
6662,49.0
6663,39.0
6664,41.0
6665,39.0
6666,73.0
6667,9.0
6668,39.0
6669,44.0
6670,89.0
6671,39.0
6672,33.0
6673,81.0
6674,39.0
6675,34.0
6676,39.0
6677,39.0
6678,39.0
6679,82.0
6680,95.0
6681,17.0
6682,2.0
6683,53.0
6684,62.0
6685,39.0
6686,31.0
6687,77.0
6688,39.0
6689,39.0
6690,0.0
6691,22.0
6692,77.0
6693,31.0
6694,11.0
6695,76.0
6696,0.0
6697,39.0
6698,24.0
6699,23.0
6700,28.0
6701,39.0
6702,19.0
6703,44.0
6704,35.0
6705,17.0
6706,76.0
6707,12.0
6708,29.0
6709,17.0
6710,46.0
6711,62.0
6712,39.0
6713,39.0
6714,39.0
6715,25.0
6716,52.0
6717,90.0
6718,39.0
6719,53.0
6720,59.0
6721,39.0
6722,53.0
6723,39.0
6724,39.0
6725,33.0
6726,44.0
6727,44.0
6728,60.0
6729,76.0
6730,39.0
6731,48.0
6732,5.0
6733,81.0
6734,37.0
6735,54.0
6736,7.0
6737,23.0
6738,36.0
6739,1.0
6740,91.0
6741,62.0
6742,76.0
6743,21.0
6744,39.0
6745,43.0
6746,53.0
6747,68.0
6748,39.0
6749,39.0
6750,24.0
6751,39.0
6752,36.0
6753,42.0
6754,13.0
6755,60.0
6756,52.0
6757,39.0
6758,38.0
6759,27.0
6760,87.0
6761,39.0
6762,19.0
6763,39.0
6764,39.0
6765,17.0
6766,39.0
6767,7.0
6768,32.0
6769,39.0
6770,42.0
6771,29.0
6772,54.0
6773,46.0
6774,36.0
6775,48.0
6776,4.0
6777,17.0
6778,47.0
6779,39.0
6780,6.0
6781,15.0
6782,31.0
6783,39.0
6784,7.0
6785,39.0
6786,39.0
6787,76.0
6788,62.0
6789,39.0
6790,67.0
6791,39.0
6792,70.0
6793,39.0
6794,73.0
6795,37.0
6796,39.0
6797,23.0
6798,17.0
6799,39.0
6800,60.0
6801,39.0
6802,2.0
6803,39.0
6804,88.0
6805,44.0
6806,53.0
6807,30.0
6808,64.0
6809,55.0
6810,26.0
6811,4.0
6812,39.0
6813,39.0
6814,87.0
6815,70.0
6816,7.0
6817,7.0
6818,39.0
6819,40.0
6820,12.0
6821,33.0
6822,66.0
6823,16.0
6824,92.0
6825,39.0
6826,21.0
6827,31.0
6828,49.0
6829,39.0
6830,89.0
6831,3.0
6832,39.0
6833,75.0
6834,79.0
6835,62.0
6836,39.0
6837,39.0
6838,11.0
6839,39.0
6840,88.0
6841,39.0
6842,44.0
6843,23.0
6844,39.0
6845,74.0
6846,79.0
6847,56.0
6848,39.0
6849,8.0
6850,39.0
6851,41.0
6852,46.0
6853,39.0
6854,39.0
6855,29.0
6856,39.0
6857,20.0
6858,41.0
6859,4.0
6860,39.0
6861,17.0
6862,2.0
6863,39.0
6864,30.0
6865,39.0
6866,39.0
6867,39.0
6868,39.0
6869,48.0
6870,39.0
6871,47.0
6872,73.0
6873,97.0
6874,39.0
6875,39.0
6876,49.0
6877,12.0
6878,11.0
6879,17.0
6880,39.0
6881,1.0
6882,37.0
6883,39.0
6884,66.0
6885,48.0
6886,39.0
6887,18.0
6888,15.0
6889,10.0
6890,33.0
6891,23.0
6892,39.0
6893,39.0
6894,56.0
6895,33.0
6896,24.0
6897,68.0
6898,6.0
6899,39.0
6900,49.0
6901,63.0
6902,24.0
6903,47.0
6904,39.0
6905,39.0
6906,86.0
6907,39.0
6908,19.0
6909,26.0
6910,39.0
6911,30.0
6912,10.0
6913,39.0
6914,34.0
6915,97.0
6916,39.0
6917,47.0
6918,7.0
6919,2.0
6920,90.0
6921,38.0
6922,61.0
6923,39.0
6924,9.0
6925,36.0
6926,53.0
6927,11.0
6928,7.0
6929,27.0
6930,39.0
6931,29.0
6932,76.0
6933,2.0
6934,77.0
6935,92.0
6936,5.0
6937,34.0
6938,39.0
6939,39.0
6940,73.0
6941,42.0
6942,45.0
6943,83.0
6944,39.0
6945,39.0
6946,72.0
6947,39.0
6948,56.0
6949,39.0
6950,22.0
6951,27.0
6952,41.0
6953,16.0
6954,39.0
6955,53.0
6956,3.0
6957,16.0
6958,49.0
6959,70.0
6960,39.0
6961,31.0
6962,39.0
6963,32.0
6964,39.0
6965,87.0
6966,16.0
6967,73.0
6968,96.0
6969,50.0
6970,36.0
6971,47.0
6972,48.0
6973,18.0
6974,37.0
6975,29.0
6976,77.0
6977,34.0
6978,34.0
6979,8.0
6980,39.0
6981,12.0
6982,39.0
6983,24.0
6984,48.0
6985,12.0
6986,20.0
6987,18.0
6988,70.0
6989,39.0
6990,67.0
6991,26.0
6992,48.0
6993,48.0
6994,1.0
6995,39.0
6996,20.0
6997,59.0
6998,16.0
6999,11.0
7000,39.0
7001,64.0
7002,65.0
7003,39.0
7004,97.0
7005,62.0
7006,39.0
7007,54.0
7008,39.0
7009,39.0
7010,39.0
7011,97.0
7012,79.0
7013,39.0
7014,13.0
7015,94.0
7016,0.0
7017,4.0
7018,20.0
7019,14.0
7020,28.0
7021,39.0
7022,62.0
7023,5.0
7024,42.0
7025,39.0
7026,81.0
7027,39.0
7028,39.0
7029,39.0
7030,68.0
7031,11.0
7032,30.0
7033,62.0
7034,39.0
7035,39.0
7036,91.0
7037,58.0
7038,16.0
7039,23.0
7040,21.0
7041,97.0
7042,5.0
7043,39.0
7044,39.0
7045,88.0
7046,39.0
7047,39.0
7048,58.0
7049,1.0
7050,41.0
7051,11.0
7052,39.0
7053,93.0
7054,9.0
7055,49.0
7056,39.0
7057,10.0
7058,58.0
7059,42.0
7060,52.0
7061,15.0
7062,39.0
7063,68.0
7064,39.0
7065,4.0
7066,47.0
7067,39.0
7068,52.0
7069,39.0
7070,24.0
7071,23.0
7072,39.0
7073,39.0
7074,39.0
7075,39.0
7076,39.0
7077,20.0
7078,77.0
7079,39.0
7080,60.0
7081,25.0
7082,16.0
7083,56.0
7084,19.0
7085,30.0
7086,39.0
7087,39.0
7088,39.0
7089,39.0
7090,43.0
7091,56.0
7092,47.0
7093,49.0
7094,18.0
7095,39.0
7096,60.0
7097,39.0
7098,24.0
7099,5.0
7100,16.0
7101,10.0
7102,18.0
7103,39.0
7104,8.0
7105,39.0
7106,4.0
7107,24.0
7108,5.0
7109,2.0
7110,39.0
7111,3.0
7112,39.0
7113,39.0
7114,10.0
7115,46.0
7116,39.0
7117,13.0
7118,63.0
7119,50.0
7120,82.0
7121,38.0
7122,12.0
7123,15.0
7124,82.0
7125,13.0
7126,39.0
7127,39.0
7128,39.0
7129,52.0
7130,70.0
7131,39.0
7132,35.0
7133,39.0
7134,40.0
7135,39.0
7136,39.0
7137,39.0
7138,39.0
7139,39.0
7140,39.0
7141,30.0
7142,39.0
7143,21.0
7144,53.0
7145,23.0
7146,42.0
7147,39.0
7148,52.0
7149,94.0
7150,39.0
7151,39.0
7152,63.0
7153,50.0
7154,47.0
7155,39.0
7156,12.0
7157,53.0
7158,13.0
7159,39.0
7160,35.0
7161,19.0
7162,2.0
7163,4.0
7164,20.0
7165,28.0
7166,8.0
7167,22.0
7168,39.0
7169,39.0
7170,39.0
7171,54.0
7172,29.0
7173,40.0
7174,71.0
7175,34.0
7176,76.0
7177,39.0
7178,39.0
7179,23.0
7180,33.0
7181,28.0
7182,39.0
7183,2.0
7184,49.0
7185,39.0
7186,13.0
7187,95.0
7188,39.0
7189,15.0
7190,92.0
7191,20.0
7192,52.0
7193,24.0
7194,91.0
7195,39.0
7196,39.0
7197,51.0
7198,89.0
7199,79.0
7200,87.0
7201,39.0
7202,96.0
7203,61.0
7204,1.0
7205,39.0
7206,52.0
7207,46.0
7208,39.0
7209,6.0
7210,15.0
7211,39.0
7212,39.0
7213,22.0
7214,39.0
7215,44.0
7216,39.0
7217,39.0
7218,36.0
7219,39.0
7220,4.0
7221,39.0
7222,39.0
7223,30.0
7224,36.0
7225,66.0
7226,39.0
7227,35.0
7228,39.0
7229,3.0
7230,43.0
7231,39.0
7232,15.0
7233,16.0
7234,26.0
7235,54.0
7236,39.0
7237,10.0
7238,39.0
7239,58.0
7240,49.0
7241,4.0
7242,10.0
7243,56.0
7244,39.0
7245,52.0
7246,81.0
7247,11.0
7248,39.0
7249,39.0
7250,49.0
7251,59.0
7252,68.0
7253,48.0
7254,5.0
7255,39.0
7256,39.0
7257,39.0
7258,53.0
7259,39.0
7260,47.0
7261,38.0
7262,7.0
7263,39.0
7264,56.0
7265,2.0
7266,39.0
7267,54.0
7268,82.0
7269,49.0
7270,39.0
7271,58.0
7272,39.0
7273,40.0
7274,75.0
7275,33.0
7276,22.0
7277,39.0
7278,32.0
7279,58.0
7280,1.0
7281,9.0
7282,39.0
7283,39.0
7284,7.0
7285,39.0
7286,4.0
7287,2.0
7288,3.0
7289,53.0
7290,42.0
7291,43.0
7292,39.0
7293,48.0
7294,36.0
7295,10.0
7296,24.0
7297,1.0
7298,39.0
7299,0.0
7300,91.0
7301,19.0
7302,39.0
7303,52.0
7304,39.0
7305,39.0
7306,39.0
7307,54.0
7308,40.0
7309,39.0
7310,39.0
7311,39.0
7312,17.0
7313,59.0
7314,39.0
7315,39.0
7316,33.0
7317,94.0
7318,47.0
7319,26.0
7320,30.0
7321,89.0
7322,53.0
7323,11.0
7324,60.0
7325,39.0
7326,39.0
7327,39.0
7328,39.0
7329,53.0
7330,75.0
7331,25.0
7332,39.0
7333,39.0
7334,5.0
7335,39.0
7336,43.0
7337,39.0
7338,17.0
7339,1.0
7340,50.0
7341,10.0
7342,75.0
7343,41.0
7344,39.0
7345,39.0
7346,20.0
7347,39.0
7348,35.0
7349,66.0
7350,26.0
7351,64.0
7352,39.0
7353,49.0
7354,76.0
7355,39.0
7356,66.0
7357,6.0
7358,39.0
7359,3.0
7360,60.0
7361,39.0
7362,47.0
7363,39.0
7364,60.0
7365,80.0
7366,0.0
7367,1.0
7368,6.0
7369,40.0
7370,39.0
7371,8.0
7372,39.0
7373,88.0
7374,14.0
7375,42.0
7376,60.0
7377,35.0
7378,42.0
7379,36.0
7380,30.0
7381,19.0
7382,20.0
7383,18.0
7384,5.0
7385,56.0
7386,39.0
7387,39.0
7388,39.0
7389,19.0
7390,39.0
7391,39.0
7392,39.0
7393,39.0
7394,36.0
7395,5.0
7396,81.0
7397,70.0
7398,10.0
7399,49.0
7400,39.0
7401,53.0
7402,39.0
7403,39.0
7404,39.0
7405,64.0
7406,39.0
7407,39.0
7408,69.0
7409,54.0
7410,39.0
7411,33.0
7412,36.0
7413,54.0
7414,69.0
7415,12.0
7416,39.0
7417,87.0
7418,65.0
7419,61.0
7420,23.0
7421,94.0
7422,31.0
7423,58.0
7424,18.0
7425,64.0
7426,75.0
7427,90.0
7428,23.0
7429,39.0
7430,39.0
7431,39.0
7432,43.0
7433,51.0
7434,22.0
7435,39.0
7436,15.0
7437,39.0
7438,34.0
7439,39.0
7440,66.0
7441,39.0
7442,76.0
7443,39.0
7444,48.0
7445,3.0
7446,11.0
7447,1.0
7448,53.0
7449,4.0
7450,86.0
7451,41.0
7452,0.0
7453,23.0
7454,39.0
7455,41.0
7456,39.0
7457,39.0
7458,30.0
7459,15.0
7460,39.0
7461,39.0
7462,99.0
7463,30.0
7464,74.0
7465,73.0
7466,4.0
7467,19.0
7468,95.0
7469,99.0
7470,13.0
7471,39.0
7472,82.0
7473,48.0
7474,39.0
7475,32.0
7476,31.0
7477,39.0
7478,11.0
7479,7.0
7480,33.0
7481,22.0
7482,1.0
7483,38.0
7484,42.0
7485,10.0
7486,39.0
7487,39.0
7488,20.0
7489,5.0
7490,11.0
7491,13.0
7492,37.0
7493,26.0
7494,1.0
7495,39.0
7496,39.0
7497,39.0
7498,9.0
7499,39.0
7500,85.0
7501,67.0
7502,39.0
7503,29.0
7504,15.0
7505,41.0
7506,56.0
7507,2.0
7508,1.0
7509,39.0
7510,74.0
7511,45.0
7512,48.0
7513,59.0
7514,39.0
7515,47.0
7516,38.0
7517,13.0
7518,39.0
7519,60.0
7520,34.0
7521,85.0
7522,39.0
7523,36.0
7524,22.0
7525,94.0
7526,52.0
7527,41.0
7528,39.0
7529,88.0
7530,68.0
7531,39.0
7532,30.0
7533,21.0
7534,39.0
7535,84.0
7536,7.0
7537,31.0
7538,24.0
7539,39.0
7540,39.0
7541,39.0
7542,39.0
7543,47.0
7544,39.0
7545,39.0
7546,33.0
7547,19.0
7548,39.0
7549,39.0
7550,3.0
7551,32.0
7552,87.0
7553,88.0
7554,3.0
7555,39.0
7556,39.0
7557,12.0
7558,82.0
7559,39.0
7560,46.0
7561,39.0
7562,50.0
7563,48.0
7564,4.0
7565,7.0
7566,39.0
7567,39.0
7568,30.0
7569,30.0
7570,52.0
7571,39.0
7572,39.0
7573,60.0
7574,39.0
7575,5.0
7576,16.0
7577,30.0
7578,66.0
7579,27.0
7580,7.0
7581,1.0
7582,14.0
7583,39.0
7584,3.0
7585,53.0
7586,44.0
7587,39.0
7588,61.0
7589,81.0
7590,32.0
7591,75.0
7592,26.0
7593,56.0
7594,4.0
7595,94.0
7596,35.0
7597,1.0
7598,14.0
7599,26.0
7600,18.0
7601,39.0
7602,8.0
7603,43.0
7604,65.0
7605,27.0
7606,39.0
7607,61.0
7608,56.0
7609,22.0
7610,30.0
7611,39.0
7612,5.0
7613,39.0
7614,69.0
7615,67.0
7616,35.0
7617,54.0
7618,29.0
7619,39.0
7620,21.0
7621,48.0
7622,61.0
7623,27.0
7624,39.0
7625,85.0
7626,39.0
7627,94.0
7628,39.0
7629,39.0
7630,68.0
7631,30.0
7632,58.0
7633,39.0
7634,82.0
7635,47.0
7636,39.0
7637,30.0
7638,30.0
7639,39.0
7640,39.0
7641,62.0
7642,17.0
7643,88.0
7644,39.0
7645,35.0
7646,39.0
7647,66.0
7648,80.0
7649,56.0
7650,39.0
7651,6.0
7652,39.0
7653,39.0
7654,37.0
7655,82.0
7656,23.0
7657,84.0
7658,39.0
7659,39.0
7660,37.0
7661,39.0
7662,81.0
7663,17.0
7664,32.0
7665,42.0
7666,39.0
7667,60.0
7668,11.0
7669,9.0
7670,39.0
7671,9.0
7672,4.0
7673,39.0
7674,39.0
7675,39.0
7676,61.0
7677,19.0
7678,39.0
7679,29.0
7680,39.0
7681,71.0
7682,10.0
7683,80.0
7684,71.0
7685,11.0
7686,56.0
7687,62.0
7688,45.0
7689,39.0
7690,6.0
7691,39.0
7692,31.0
7693,66.0
7694,39.0
7695,39.0
7696,48.0
7697,9.0
7698,39.0
7699,71.0
7700,5.0
7701,17.0
7702,17.0
7703,3.0
7704,39.0
7705,34.0
7706,7.0
7707,39.0
7708,70.0
7709,39.0
7710,13.0
7711,33.0
7712,39.0
7713,10.0
7714,39.0
7715,11.0
7716,42.0
7717,76.0
7718,3.0
7719,33.0
7720,39.0
7721,39.0
7722,12.0
7723,39.0
7724,97.0
7725,39.0
7726,39.0
7727,39.0
7728,39.0
7729,39.0
7730,63.0
7731,7.0
7732,39.0
7733,23.0
7734,1.0
7735,9.0
7736,39.0
7737,85.0
7738,5.0
7739,39.0
7740,39.0
7741,41.0
7742,11.0
7743,39.0
7744,14.0
7745,71.0
7746,39.0
7747,16.0
7748,39.0
7749,68.0
7750,47.0
7751,47.0
7752,12.0
7753,59.0
7754,10.0
7755,33.0
7756,39.0
7757,39.0
7758,39.0
7759,38.0
7760,19.0
7761,5.0
7762,66.0
7763,52.0
7764,74.0
7765,39.0
7766,39.0
7767,34.0
7768,39.0
7769,39.0
7770,28.0
7771,1.0
7772,77.0
7773,39.0
7774,94.0
7775,2.0
7776,50.0
7777,39.0
7778,4.0
7779,42.0
7780,57.0
7781,6.0
7782,30.0
7783,0.0
7784,73.0
7785,5.0
7786,29.0
7787,96.0
7788,57.0
7789,54.0
7790,19.0
7791,19.0
7792,60.0
7793,9.0
7794,22.0
7795,83.0
7796,53.0
7797,39.0
7798,81.0
7799,31.0
7800,39.0
7801,24.0
7802,39.0
7803,39.0
7804,33.0
7805,3.0
7806,32.0
7807,16.0
7808,3.0
7809,23.0
7810,32.0
7811,39.0
7812,10.0
7813,39.0
7814,50.0
7815,83.0
7816,12.0
7817,39.0
7818,39.0
7819,33.0
7820,39.0
7821,39.0
7822,16.0
7823,40.0
7824,42.0
7825,89.0
7826,73.0
7827,39.0
7828,11.0
7829,39.0
7830,39.0
7831,60.0
7832,39.0
7833,16.0
7834,23.0
7835,45.0
7836,39.0
7837,39.0
7838,51.0
7839,33.0
7840,39.0
7841,40.0
7842,39.0
7843,18.0
7844,39.0
7845,71.0
7846,17.0
7847,47.0
7848,54.0
7849,39.0
7850,18.0
7851,89.0
7852,22.0
7853,79.0
7854,14.0
7855,39.0
7856,15.0
7857,39.0
7858,1.0
7859,66.0
7860,15.0
7861,51.0
7862,86.0
7863,39.0
7864,39.0
7865,97.0
7866,96.0
7867,32.0
7868,1.0
7869,78.0
7870,41.0
7871,56.0
7872,17.0
7873,18.0
7874,16.0
7875,66.0
7876,39.0
7877,82.0
7878,70.0
7879,11.0
7880,39.0
7881,18.0
7882,99.0
7883,81.0
7884,39.0
7885,77.0
7886,39.0
7887,10.0
7888,0.0
7889,39.0
7890,21.0
7891,39.0
7892,37.0
7893,39.0
7894,62.0
7895,28.0
7896,5.0
7897,38.0
7898,39.0
7899,39.0
7900,76.0
7901,39.0
7902,39.0
7903,36.0
7904,20.0
7905,36.0
7906,21.0
7907,39.0
7908,39.0
7909,39.0
7910,38.0
7911,0.0
7912,16.0
7913,82.0
7914,87.0
7915,39.0
7916,13.0
7917,0.0
7918,5.0
7919,39.0
7920,39.0
7921,17.0
7922,84.0
7923,39.0
7924,58.0
7925,14.0
7926,39.0
7927,33.0
7928,34.0
7929,82.0
7930,39.0
7931,89.0
7932,13.0
7933,21.0
7934,39.0
7935,37.0
7936,39.0
7937,54.0
7938,39.0
7939,38.0
7940,39.0
7941,44.0
7942,14.0
7943,79.0
7944,39.0
7945,51.0
7946,3.0
7947,47.0
7948,31.0
7949,39.0
7950,6.0
7951,44.0
7952,12.0
7953,41.0
7954,23.0
7955,50.0
7956,25.0
7957,56.0
7958,37.0
7959,20.0
7960,39.0
7961,56.0
7962,22.0
7963,39.0
7964,43.0
7965,68.0
7966,21.0
7967,39.0
7968,21.0
7969,39.0
7970,39.0
7971,29.0
7972,34.0
7973,39.0
7974,39.0
7975,32.0
7976,24.0
7977,63.0
7978,39.0
7979,28.0
7980,39.0
7981,39.0
7982,39.0
7983,39.0
7984,56.0
7985,17.0
7986,39.0
7987,23.0
7988,39.0
7989,61.0
7990,59.0
7991,58.0
7992,21.0
7993,33.0
7994,54.0
7995,19.0
7996,21.0
7997,39.0
7998,19.0
7999,58.0
8000,0.0
8001,57.0
8002,70.0
8003,39.0
8004,28.0
8005,39.0
8006,39.0
8007,51.0
8008,17.0
8009,75.0
8010,41.0
8011,0.0
8012,91.0
8013,21.0
8014,42.0
8015,76.0
8016,26.0
8017,30.0
8018,39.0
8019,71.0
8020,58.0
8021,39.0
8022,31.0
8023,30.0
8024,11.0
8025,68.0
8026,14.0
8027,39.0
8028,57.0
8029,39.0
8030,0.0
8031,36.0
8032,12.0
8033,17.0
8034,25.0
8035,48.0
8036,13.0
8037,38.0
8038,12.0
8039,39.0
8040,69.0
8041,62.0
8042,13.0
8043,38.0
8044,39.0
8045,39.0
8046,64.0
8047,1.0
8048,49.0
8049,52.0
8050,38.0
8051,39.0
8052,39.0
8053,30.0
8054,52.0
8055,8.0
8056,39.0
8057,71.0
8058,49.0
8059,39.0
8060,39.0
8061,42.0
8062,47.0
8063,20.0
8064,39.0
8065,18.0
8066,38.0
8067,39.0
8068,96.0
8069,39.0
8070,11.0
8071,23.0
8072,39.0
8073,18.0
8074,39.0
8075,39.0
8076,39.0
8077,71.0
8078,5.0
8079,94.0
8080,38.0
8081,26.0
8082,76.0
8083,31.0
8084,39.0
8085,39.0
8086,39.0
8087,18.0
8088,39.0
8089,57.0
8090,36.0
8091,50.0
8092,25.0
8093,63.0
8094,39.0
8095,60.0
8096,10.0
8097,27.0
8098,24.0
8099,39.0
8100,9.0
8101,28.0
8102,39.0
8103,81.0
8104,39.0
8105,15.0
8106,11.0
8107,14.0
8108,39.0
8109,39.0
8110,39.0
8111,39.0
8112,30.0
8113,39.0
8114,9.0
8115,75.0
8116,94.0
8117,39.0
8118,31.0
8119,1.0
8120,25.0
8121,66.0
8122,39.0
8123,51.0
8124,39.0
8125,73.0
8126,30.0
8127,49.0
8128,39.0
8129,7.0
8130,32.0
8131,37.0
8132,16.0
8133,76.0
8134,7.0
8135,17.0
8136,26.0
8137,39.0
8138,59.0
8139,56.0
8140,23.0
8141,18.0
8142,39.0
8143,24.0
8144,39.0
8145,50.0
8146,20.0
8147,39.0
8148,83.0
8149,11.0
8150,39.0
8151,0.0
8152,42.0
8153,82.0
8154,6.0
8155,31.0
8156,18.0
8157,52.0
8158,39.0
8159,35.0
8160,75.0
8161,54.0
8162,36.0
8163,66.0
8164,12.0
8165,12.0
8166,81.0
8167,66.0
8168,39.0
8169,31.0
8170,40.0
8171,39.0
8172,8.0
8173,47.0
8174,90.0
8175,9.0
8176,39.0
8177,28.0
8178,10.0
8179,5.0
8180,39.0
8181,77.0
8182,4.0
8183,39.0
8184,39.0
8185,34.0
8186,39.0
8187,89.0
8188,35.0
8189,4.0
8190,80.0
8191,14.0
8192,11.0
8193,39.0
8194,6.0
8195,34.0
8196,48.0
8197,12.0
8198,58.0
8199,13.0
8200,39.0
8201,38.0
8202,39.0
8203,39.0
8204,64.0
8205,73.0
8206,56.0
8207,74.0
8208,0.0
8209,39.0
8210,39.0
8211,3.0
8212,29.0
8213,35.0
8214,49.0
8215,69.0
8216,1.0
8217,71.0
8218,75.0
8219,10.0
8220,59.0
8221,31.0
8222,39.0
8223,25.0
8224,27.0
8225,39.0
8226,39.0
8227,50.0
8228,39.0
8229,39.0
8230,39.0
8231,97.0
8232,15.0
8233,39.0
8234,38.0
8235,13.0
8236,88.0
8237,52.0
8238,43.0
8239,16.0
8240,41.0
8241,53.0
8242,85.0
8243,42.0
8244,70.0
8245,39.0
8246,39.0
8247,22.0
8248,39.0
8249,39.0
8250,24.0
8251,39.0
8252,24.0
8253,39.0
8254,45.0
8255,39.0
8256,48.0
8257,33.0
8258,41.0
8259,65.0
8260,8.0
8261,24.0
8262,39.0
8263,39.0
8264,12.0
8265,57.0
8266,39.0
8267,47.0
8268,11.0
8269,39.0
8270,38.0
8271,39.0
8272,39.0
8273,36.0
8274,0.0
8275,39.0
8276,63.0
8277,18.0
8278,5.0
8279,28.0
8280,26.0
8281,37.0
8282,39.0
8283,90.0
8284,45.0
8285,23.0
8286,39.0
8287,39.0
8288,9.0
8289,39.0
8290,69.0
8291,70.0
8292,51.0
8293,25.0
8294,49.0
8295,26.0
8296,15.0
8297,48.0
8298,49.0
8299,12.0
8300,30.0
8301,8.0
8302,39.0
8303,49.0
8304,39.0
8305,23.0
8306,39.0
8307,52.0
8308,39.0
8309,35.0
8310,39.0
8311,30.0
8312,68.0
8313,27.0
8314,7.0
8315,56.0
8316,39.0
8317,22.0
8318,70.0
8319,27.0
8320,27.0
8321,94.0
8322,39.0
8323,14.0
8324,36.0
8325,30.0
8326,76.0
8327,39.0
8328,12.0
8329,39.0
8330,43.0
8331,35.0
8332,39.0
8333,52.0
8334,68.0
8335,50.0
8336,14.0
8337,64.0
8338,39.0
8339,24.0
8340,39.0
8341,18.0
8342,39.0
8343,10.0
8344,4.0
8345,15.0
8346,23.0
8347,58.0
8348,39.0
8349,29.0
8350,39.0
8351,39.0
8352,17.0
8353,60.0
8354,39.0
8355,39.0
8356,22.0
8357,17.0
8358,36.0
8359,12.0
8360,71.0
8361,41.0
8362,17.0
8363,0.0
8364,33.0
8365,39.0
8366,26.0
8367,39.0
8368,47.0
8369,74.0
8370,37.0
8371,51.0
8372,39.0
8373,30.0
8374,39.0
8375,37.0
8376,24.0
8377,49.0
8378,39.0
8379,1.0
8380,95.0
8381,32.0
8382,41.0
8383,69.0
8384,21.0
8385,39.0
8386,47.0
8387,39.0
8388,39.0
8389,4.0
8390,47.0
8391,39.0
8392,30.0
8393,39.0
8394,39.0
8395,39.0
8396,8.0
8397,39.0
8398,39.0
8399,39.0
8400,57.0
8401,68.0
8402,21.0
8403,39.0
8404,39.0
8405,33.0
8406,39.0
8407,39.0
8408,25.0
8409,39.0
8410,17.0
8411,5.0
8412,39.0
8413,46.0
8414,94.0
8415,29.0
8416,39.0
8417,24.0
8418,39.0
8419,66.0
8420,39.0
8421,11.0
8422,52.0
8423,39.0
8424,13.0
8425,76.0
8426,63.0
8427,39.0
8428,39.0
8429,41.0
8430,39.0
8431,39.0
8432,99.0
8433,88.0
8434,39.0
8435,30.0
8436,39.0
8437,81.0
8438,65.0
8439,39.0
8440,39.0
8441,18.0
8442,6.0
8443,29.0
8444,52.0
8445,71.0
8446,40.0
8447,64.0
8448,39.0
8449,68.0
8450,60.0
8451,11.0
8452,71.0
8453,25.0
8454,52.0
8455,95.0
8456,73.0
8457,37.0
8458,60.0
8459,99.0
8460,39.0
8461,41.0
8462,32.0
8463,56.0
8464,33.0
8465,66.0
8466,89.0
8467,9.0
8468,40.0
8469,24.0
8470,88.0
8471,78.0
8472,83.0
8473,59.0
8474,9.0
8475,18.0
8476,39.0
8477,82.0
8478,39.0
8479,0.0
8480,39.0
8481,15.0
8482,39.0
8483,39.0
8484,39.0
8485,39.0
8486,44.0
8487,8.0
8488,26.0
8489,39.0
8490,58.0
8491,6.0
8492,39.0
8493,11.0
8494,39.0
8495,4.0
8496,64.0
8497,15.0
8498,61.0
8499,0.0
8500,79.0
8501,39.0
8502,36.0
8503,18.0
8504,39.0
8505,39.0
8506,71.0
8507,94.0
8508,23.0
8509,56.0
8510,36.0
8511,22.0
8512,11.0
8513,7.0
8514,24.0
8515,10.0
8516,9.0
8517,13.0
8518,39.0
8519,7.0
8520,67.0
8521,70.0
8522,39.0
8523,48.0
8524,4.0
8525,19.0
8526,39.0
8527,1.0
8528,15.0
8529,62.0
8530,0.0
8531,4.0
8532,27.0
8533,33.0
8534,1.0
8535,97.0
8536,74.0
8537,34.0
8538,0.0
8539,39.0
8540,36.0
8541,15.0
8542,6.0
8543,45.0
8544,61.0
8545,68.0
8546,60.0
8547,27.0
8548,53.0
8549,0.0
8550,8.0
8551,40.0
8552,32.0
8553,82.0
8554,39.0
8555,28.0
8556,25.0
8557,39.0
8558,21.0
8559,28.0
8560,3.0
8561,96.0
8562,34.0
8563,20.0
8564,45.0
8565,39.0
8566,46.0
8567,87.0
8568,39.0
8569,39.0
8570,42.0
8571,39.0
8572,56.0
8573,27.0
8574,42.0
8575,20.0
8576,79.0
8577,39.0
8578,39.0
8579,39.0
8580,57.0
8581,39.0
8582,39.0
8583,2.0
8584,8.0
8585,39.0
8586,50.0
8587,37.0
8588,6.0
8589,79.0
8590,39.0
8591,77.0
8592,40.0
8593,39.0
8594,21.0
8595,48.0
8596,39.0
8597,69.0
8598,1.0
8599,39.0
8600,44.0
8601,70.0
8602,58.0
8603,99.0
8604,20.0
8605,39.0
8606,56.0
8607,18.0
8608,82.0
8609,23.0
8610,32.0
8611,47.0
8612,47.0
8613,39.0
8614,42.0
8615,33.0
8616,3.0
8617,39.0
8618,7.0
8619,39.0
8620,50.0
8621,56.0
8622,39.0
8623,39.0
8624,36.0
8625,24.0
8626,50.0
8627,12.0
8628,39.0
8629,17.0
8630,3.0
8631,0.0
8632,34.0
8633,20.0
8634,22.0
8635,12.0
8636,42.0
8637,36.0
8638,58.0
8639,33.0
8640,39.0
8641,24.0
8642,0.0
8643,62.0
8644,39.0
8645,87.0
8646,22.0
8647,39.0
8648,1.0
8649,1.0
8650,90.0
8651,39.0
8652,39.0
8653,39.0
8654,27.0
8655,39.0
8656,4.0
8657,52.0
8658,39.0
8659,10.0
8660,39.0
8661,21.0
8662,34.0
8663,39.0
8664,39.0
8665,49.0
8666,37.0
8667,4.0
8668,16.0
8669,39.0
8670,49.0
8671,39.0
8672,47.0
8673,39.0
8674,41.0
8675,11.0
8676,18.0
8677,39.0
8678,39.0
8679,39.0
8680,16.0
8681,63.0
8682,1.0
8683,27.0
8684,43.0
8685,3.0
8686,21.0
8687,75.0
8688,51.0
8689,30.0
8690,3.0
8691,64.0
8692,39.0
8693,52.0
8694,12.0
8695,53.0
8696,68.0
8697,39.0
8698,39.0
8699,5.0
8700,63.0
8701,56.0
8702,95.0
8703,12.0
8704,70.0
8705,1.0
8706,39.0
8707,25.0
8708,8.0
8709,1.0
8710,39.0
8711,51.0
8712,39.0
8713,77.0
8714,39.0
8715,66.0
8716,77.0
8717,45.0
8718,35.0
8719,37.0
8720,0.0
8721,36.0
8722,86.0
8723,60.0
8724,54.0
8725,39.0
8726,45.0
8727,96.0
8728,21.0
8729,42.0
8730,48.0
8731,39.0
8732,39.0
8733,81.0
8734,39.0
8735,39.0
8736,36.0
8737,4.0
8738,39.0
8739,52.0
8740,66.0
8741,39.0
8742,39.0
8743,30.0
8744,39.0
8745,54.0
8746,73.0
8747,39.0
8748,39.0
8749,23.0
8750,62.0
8751,27.0
8752,24.0
8753,23.0
8754,39.0
8755,16.0
8756,30.0
8757,39.0
8758,39.0
8759,26.0
8760,53.0
8761,39.0
8762,45.0
8763,85.0
8764,53.0
8765,53.0
8766,12.0
8767,40.0
8768,28.0
8769,13.0
8770,39.0
8771,59.0
8772,2.0
8773,39.0
8774,39.0
8775,53.0
8776,99.0
8777,68.0
8778,39.0
8779,14.0
8780,4.0
8781,85.0
8782,36.0
8783,41.0
8784,36.0
8785,71.0
8786,39.0
8787,70.0
8788,89.0
8789,39.0
8790,58.0
8791,14.0
8792,89.0
8793,39.0
8794,76.0
8795,82.0
8796,77.0
8797,27.0
8798,76.0
8799,39.0
8800,5.0
8801,56.0
8802,68.0
8803,36.0
8804,31.0
8805,36.0
8806,86.0
8807,39.0
8808,56.0
8809,18.0
8810,85.0
8811,39.0
8812,35.0
8813,38.0
8814,39.0
8815,21.0
8816,6.0
8817,39.0
8818,9.0
8819,82.0
8820,31.0
8821,20.0
8822,86.0
8823,16.0
8824,49.0
8825,30.0
8826,3.0
8827,99.0
8828,30.0
8829,39.0
8830,56.0
8831,92.0
8832,39.0
8833,20.0
8834,49.0
8835,14.0
8836,41.0
8837,82.0
8838,39.0
8839,56.0
8840,10.0
8841,43.0
8842,14.0
8843,39.0
8844,17.0
8845,53.0
8846,25.0
8847,82.0
8848,39.0
8849,24.0
8850,67.0
8851,18.0
8852,39.0
8853,39.0
8854,83.0
8855,39.0
8856,30.0
8857,60.0
8858,39.0
8859,36.0
8860,39.0
8861,39.0
8862,74.0
8863,30.0
8864,14.0
8865,81.0
8866,39.0
8867,0.0
8868,42.0
8869,36.0
8870,81.0
8871,4.0
8872,97.0
8873,39.0
8874,39.0
8875,39.0
8876,74.0
8877,13.0
8878,45.0
8879,39.0
8880,39.0
8881,39.0
8882,94.0
8883,41.0
8884,11.0
8885,39.0
8886,63.0
8887,38.0
8888,31.0
8889,82.0
8890,39.0
8891,39.0
8892,58.0
8893,39.0
8894,64.0
8895,47.0
8896,6.0
8897,46.0
8898,47.0
8899,33.0
8900,61.0
8901,39.0
8902,39.0
8903,39.0
8904,39.0
8905,39.0
8906,39.0
8907,49.0
8908,15.0
8909,89.0
8910,23.0
8911,39.0
8912,22.0
8913,82.0
8914,39.0
8915,39.0
8916,39.0
8917,68.0
8918,96.0
8919,39.0
8920,39.0
8921,13.0
8922,12.0
8923,39.0
8924,67.0
8925,39.0
8926,22.0
8927,39.0
8928,49.0
8929,39.0
8930,51.0
8931,57.0
8932,39.0
8933,1.0
8934,75.0
8935,51.0
8936,48.0
8937,39.0
8938,16.0
8939,26.0
8940,86.0
8941,69.0
8942,39.0
8943,39.0
8944,21.0
8945,39.0
8946,56.0
8947,71.0
8948,46.0
8949,30.0
8950,43.0
8951,39.0
8952,43.0
8953,25.0
8954,19.0
8955,39.0
8956,49.0
8957,1.0
8958,58.0
8959,39.0
8960,2.0
8961,39.0
8962,33.0
8963,9.0
8964,39.0
8965,43.0
8966,55.0
8967,39.0
8968,89.0
8969,9.0
8970,39.0
8971,83.0
8972,39.0
8973,8.0
8974,39.0
8975,12.0
8976,39.0
8977,39.0
8978,39.0
8979,39.0
8980,30.0
8981,39.0
8982,29.0
8983,52.0
8984,66.0
8985,47.0
8986,39.0
8987,33.0
8988,17.0
8989,36.0
8990,39.0
8991,39.0
8992,39.0
8993,24.0
8994,48.0
8995,24.0
8996,36.0
8997,41.0
8998,59.0
8999,39.0
9000,67.0
9001,39.0
9002,14.0
9003,39.0
9004,24.0
9005,21.0
9006,4.0
9007,39.0
9008,39.0
9009,4.0
9010,94.0
9011,4.0
9012,39.0
9013,39.0
9014,49.0
9015,3.0
9016,16.0
9017,39.0
9018,47.0
9019,10.0
9020,39.0
9021,39.0
9022,39.0
9023,40.0
9024,39.0
9025,39.0
9026,29.0
9027,47.0
9028,36.0
9029,23.0
9030,39.0
9031,99.0
9032,65.0
9033,39.0
9034,39.0
9035,39.0
9036,39.0
9037,30.0
9038,94.0
9039,25.0
9040,63.0
9041,4.0
9042,39.0
9043,5.0
9044,39.0
9045,24.0
9046,43.0
9047,73.0
9048,60.0
9049,29.0
9050,14.0
9051,39.0
9052,64.0
9053,39.0
9054,36.0
9055,71.0
9056,67.0
9057,87.0
9058,60.0
9059,16.0
9060,39.0
9061,39.0
9062,30.0
9063,50.0
9064,39.0
9065,39.0
9066,39.0
9067,23.0
9068,76.0
9069,39.0
9070,51.0
9071,1.0
9072,17.0
9073,82.0
9074,71.0
9075,56.0
9076,25.0
9077,81.0
9078,39.0
9079,66.0
9080,0.0
9081,54.0
9082,22.0
9083,39.0
9084,47.0
9085,56.0
9086,52.0
9087,50.0
9088,35.0
9089,50.0
9090,39.0
9091,39.0
9092,31.0
9093,74.0
9094,82.0
9095,70.0
9096,39.0
9097,21.0
9098,39.0
9099,39.0
9100,34.0
9101,39.0
9102,39.0
9103,81.0
9104,61.0
9105,66.0
9106,39.0
9107,66.0
9108,70.0
9109,39.0
9110,7.0
9111,30.0
9112,39.0
9113,39.0
9114,77.0
9115,14.0
9116,39.0
9117,71.0
9118,42.0
9119,16.0
9120,3.0
9121,39.0
9122,19.0
9123,39.0
9124,53.0
9125,12.0
9126,40.0
9127,6.0
9128,49.0
9129,39.0
9130,8.0
9131,42.0
9132,39.0
9133,33.0
9134,39.0
9135,47.0
9136,39.0
9137,39.0
9138,27.0
9139,33.0
9140,12.0
9141,95.0
9142,39.0
9143,35.0
9144,19.0
9145,39.0
9146,73.0
9147,36.0
9148,17.0
9149,39.0
9150,39.0
9151,39.0
9152,4.0
9153,1.0
9154,37.0
9155,39.0
9156,39.0
9157,67.0
9158,50.0
9159,5.0
9160,39.0
9161,62.0
9162,39.0
9163,24.0
9164,39.0
9165,39.0
9166,18.0
9167,9.0
9168,39.0
9169,7.0
9170,39.0
9171,31.0
9172,45.0
9173,15.0
9174,91.0
9175,26.0
9176,13.0
9177,39.0
9178,39.0
9179,39.0
9180,39.0
9181,20.0
9182,2.0
9183,43.0
9184,23.0
9185,39.0
9186,39.0
9187,44.0
9188,39.0
9189,88.0
9190,39.0
9191,1.0
9192,39.0
9193,85.0
9194,39.0
9195,36.0
9196,39.0
9197,8.0
9198,73.0
9199,82.0
9200,50.0
9201,39.0
9202,41.0
9203,42.0
9204,39.0
9205,25.0
9206,14.0
9207,53.0
9208,90.0
9209,37.0
9210,39.0
9211,36.0
9212,39.0
9213,39.0
9214,39.0
9215,18.0
9216,4.0
9217,39.0
9218,33.0
9219,39.0
9220,39.0
9221,49.0
9222,30.0
9223,0.0
9224,94.0
9225,41.0
9226,2.0
9227,39.0
9228,94.0
9229,17.0
9230,12.0
9231,3.0
9232,39.0
9233,39.0
9234,39.0
9235,39.0
9236,55.0
9237,39.0
9238,20.0
9239,69.0
9240,6.0
9241,20.0
9242,39.0
9243,51.0
9244,39.0
9245,39.0
9246,76.0
9247,13.0
9248,39.0
9249,12.0
9250,16.0
9251,39.0
9252,9.0
9253,39.0
9254,16.0
9255,9.0
9256,60.0
9257,7.0
9258,1.0
9259,52.0
9260,39.0
9261,69.0
9262,60.0
9263,41.0
9264,39.0
9265,4.0
9266,5.0
9267,39.0
9268,13.0
9269,94.0
9270,39.0
9271,54.0
9272,8.0
9273,87.0
9274,39.0
9275,0.0
9276,29.0
9277,44.0
9278,50.0
9279,28.0
9280,54.0
9281,6.0
9282,94.0
9283,28.0
9284,39.0
9285,96.0
9286,39.0
9287,39.0
9288,39.0
9289,68.0
9290,39.0
9291,62.0
9292,8.0
9293,51.0
9294,43.0
9295,24.0
9296,39.0
9297,39.0
9298,30.0
9299,34.0
9300,71.0
9301,39.0
9302,39.0
9303,10.0
9304,9.0
9305,35.0
9306,82.0
9307,60.0
9308,39.0
9309,91.0
9310,52.0
9311,39.0
9312,26.0
9313,1.0
9314,6.0
9315,10.0
9316,25.0
9317,39.0
9318,39.0
9319,37.0
9320,39.0
9321,22.0
9322,39.0
9323,47.0
9324,89.0
9325,45.0
9326,85.0
9327,64.0
9328,53.0
9329,35.0
9330,30.0
9331,90.0
9332,39.0
9333,39.0
9334,66.0
9335,39.0
9336,52.0
9337,39.0
9338,68.0
9339,4.0
9340,3.0
9341,87.0
9342,4.0
9343,39.0
9344,22.0
9345,41.0
9346,39.0
9347,69.0
9348,39.0
9349,87.0
9350,6.0
9351,4.0
9352,39.0
9353,10.0
9354,39.0
9355,9.0
9356,45.0
9357,36.0
9358,24.0
9359,2.0
9360,39.0
9361,39.0
9362,57.0
9363,39.0
9364,88.0
9365,11.0
9366,39.0
9367,22.0
9368,23.0
9369,46.0
9370,54.0
9371,42.0
9372,39.0
9373,18.0
9374,71.0
9375,39.0
9376,8.0
9377,4.0
9378,39.0
9379,52.0
9380,8.0
9381,47.0
9382,39.0
9383,39.0
9384,39.0
9385,34.0
9386,7.0
9387,54.0
9388,63.0
9389,86.0
9390,39.0
9391,39.0
9392,2.0
9393,31.0
9394,68.0
9395,60.0
9396,69.0
9397,75.0
9398,39.0
9399,18.0
9400,46.0
9401,39.0
9402,17.0
9403,39.0
9404,39.0
9405,42.0
9406,27.0
9407,53.0
9408,3.0
9409,84.0
9410,58.0
9411,40.0
9412,42.0
9413,17.0
9414,39.0
9415,52.0
9416,39.0
9417,22.0
9418,18.0
9419,48.0
9420,86.0
9421,39.0
9422,43.0
9423,8.0
9424,39.0
9425,9.0
9426,6.0
9427,39.0
9428,45.0
9429,87.0
9430,69.0
9431,24.0
9432,39.0
9433,25.0
9434,71.0
9435,76.0
9436,37.0
9437,39.0
9438,56.0
9439,39.0
9440,54.0
9441,39.0
9442,44.0
9443,40.0
9444,10.0
9445,16.0
9446,14.0
9447,39.0
9448,83.0
9449,39.0
9450,9.0
9451,62.0
9452,91.0
9453,87.0
9454,12.0
9455,66.0
9456,39.0
9457,81.0
9458,77.0
9459,60.0
9460,15.0
9461,21.0
9462,8.0
9463,23.0
9464,91.0
9465,39.0
9466,68.0
9467,39.0
9468,49.0
9469,9.0
9470,0.0
9471,11.0
9472,30.0
9473,39.0
9474,62.0
9475,39.0
9476,39.0
9477,76.0
9478,14.0
9479,39.0
9480,39.0
9481,39.0
9482,1.0
9483,39.0
9484,41.0
9485,39.0
9486,38.0
9487,0.0
9488,44.0
9489,11.0
9490,97.0
9491,39.0
9492,23.0
9493,39.0
9494,71.0
9495,37.0
9496,15.0
9497,39.0
9498,39.0
9499,39.0
9500,39.0
9501,30.0
9502,57.0
9503,88.0
9504,5.0
9505,14.0
9506,39.0
9507,61.0
9508,4.0
9509,77.0
9510,36.0
9511,39.0
9512,30.0
9513,24.0
9514,41.0
9515,37.0
9516,39.0
9517,20.0
9518,41.0
9519,15.0
9520,39.0
9521,12.0
9522,43.0
9523,52.0
9524,39.0
9525,18.0
9526,49.0
9527,44.0
9528,19.0
9529,40.0
9530,39.0
9531,51.0
9532,13.0
9533,13.0
9534,26.0
9535,39.0
9536,44.0
9537,25.0
9538,39.0
9539,13.0
9540,76.0
9541,47.0
9542,9.0
9543,91.0
9544,39.0
9545,33.0
9546,66.0
9547,39.0
9548,20.0
9549,39.0
9550,47.0
9551,50.0
9552,23.0
9553,91.0
9554,16.0
9555,39.0
9556,39.0
9557,26.0
9558,14.0
9559,10.0
9560,24.0
9561,39.0
9562,39.0
9563,66.0
9564,7.0
9565,34.0
9566,39.0
9567,39.0
9568,21.0
9569,6.0
9570,70.0
9571,6.0
9572,39.0
9573,25.0
9574,39.0
9575,33.0
9576,39.0
9577,16.0
9578,39.0
9579,39.0
9580,70.0
9581,73.0
9582,52.0
9583,73.0
9584,16.0
9585,39.0
9586,99.0
9587,62.0
9588,37.0
9589,39.0
9590,69.0
9591,76.0
9592,39.0
9593,44.0
9594,39.0
9595,47.0
9596,85.0
9597,39.0
9598,39.0
9599,74.0
9600,47.0
9601,45.0
9602,57.0
9603,2.0
9604,22.0
9605,39.0
9606,6.0
9607,31.0
9608,39.0
9609,90.0
9610,99.0
9611,39.0
9612,6.0
9613,12.0
9614,11.0
9615,39.0
9616,39.0
9617,53.0
9618,48.0
9619,6.0
9620,39.0
9621,39.0
9622,3.0
9623,30.0
9624,39.0
9625,90.0
9626,39.0
9627,39.0
9628,39.0
9629,39.0
9630,11.0
9631,39.0
9632,40.0
9633,20.0
9634,5.0
9635,71.0
9636,28.0
9637,18.0
9638,39.0
9639,39.0
9640,39.0
9641,70.0
9642,75.0
9643,13.0
9644,96.0
9645,26.0
9646,39.0
9647,39.0
9648,23.0
9649,12.0
9650,49.0
9651,39.0
9652,47.0
9653,41.0
9654,27.0
9655,47.0
9656,54.0
9657,20.0
9658,44.0
9659,40.0
9660,2.0
9661,58.0
9662,31.0
9663,78.0
9664,5.0
9665,71.0
9666,17.0
9667,51.0
9668,13.0
9669,23.0
9670,83.0
9671,69.0
9672,53.0
9673,7.0
9674,66.0
9675,13.0
9676,59.0
9677,7.0
9678,21.0
9679,82.0
9680,14.0
9681,10.0
9682,60.0
9683,28.0
9684,38.0
9685,30.0
9686,22.0
9687,23.0
9688,3.0
9689,6.0
9690,39.0
9691,39.0
9692,7.0
9693,3.0
9694,12.0
9695,39.0
9696,46.0
9697,61.0
9698,39.0
9699,54.0
9700,48.0
9701,39.0
9702,45.0
9703,39.0
9704,34.0
9705,6.0
9706,75.0
9707,39.0
9708,3.0
9709,39.0
9710,30.0
9711,16.0
9712,16.0
9713,39.0
9714,15.0
9715,28.0
9716,36.0
9717,47.0
9718,39.0
9719,52.0
9720,39.0
9721,56.0
9722,39.0
9723,57.0
9724,6.0
9725,62.0
9726,17.0
9727,39.0
9728,39.0
9729,95.0
9730,16.0
9731,4.0
9732,39.0
9733,39.0
9734,24.0
9735,38.0
9736,62.0
9737,3.0
9738,56.0
9739,11.0
9740,23.0
9741,77.0
9742,36.0
9743,49.0
9744,39.0
9745,2.0
9746,4.0
9747,61.0
9748,4.0
9749,51.0
9750,39.0
9751,39.0
9752,12.0
9753,39.0
9754,9.0
9755,39.0
9756,39.0
9757,39.0
9758,57.0
9759,83.0
9760,39.0
9761,51.0
9762,82.0
9763,45.0
9764,28.0
9765,39.0
9766,89.0
9767,39.0
9768,4.0
9769,1.0
9770,45.0
9771,39.0
9772,39.0
9773,39.0
9774,20.0
9775,23.0
9776,17.0
9777,91.0
9778,52.0
9779,76.0
9780,39.0
9781,39.0
9782,39.0
9783,39.0
9784,7.0
9785,43.0
9786,39.0
9787,94.0
9788,2.0
9789,4.0
9790,89.0
9791,39.0
9792,39.0
9793,26.0
9794,13.0
9795,21.0
9796,10.0
9797,5.0
9798,39.0
9799,15.0
9800,21.0
9801,20.0
9802,39.0
9803,31.0
9804,48.0
9805,39.0
9806,39.0
9807,39.0
9808,57.0
9809,39.0
9810,46.0
9811,26.0
9812,56.0
9813,32.0
9814,39.0
9815,68.0
9816,88.0
9817,43.0
9818,1.0
9819,0.0
9820,45.0
9821,2.0
9822,81.0
9823,73.0
9824,23.0
9825,39.0
9826,11.0
9827,24.0
9828,27.0
9829,39.0
9830,48.0
9831,0.0
9832,84.0
9833,39.0
9834,39.0
9835,47.0
9836,23.0
9837,39.0
9838,0.0
9839,39.0
9840,39.0
9841,39.0
9842,39.0
9843,20.0
9844,39.0
9845,39.0
9846,11.0
9847,7.0
9848,38.0
9849,39.0
9850,8.0
9851,39.0
9852,39.0
9853,43.0
9854,39.0
9855,4.0
9856,8.0
9857,39.0
9858,3.0
9859,33.0
9860,10.0
9861,43.0
9862,27.0
9863,0.0
9864,63.0
9865,49.0
9866,39.0
9867,21.0
9868,41.0
9869,39.0
9870,74.0
9871,58.0
9872,10.0
9873,62.0
9874,76.0
9875,24.0
9876,70.0
9877,22.0
9878,39.0
9879,19.0
9880,20.0
9881,46.0
9882,39.0
9883,36.0
9884,19.0
9885,49.0
9886,39.0
9887,39.0
9888,39.0
9889,39.0
9890,62.0
9891,33.0
9892,3.0
9893,11.0
9894,62.0
9895,43.0
9896,41.0
9897,39.0
9898,22.0
9899,39.0
9900,43.0
9901,27.0
9902,42.0
9903,66.0
9904,39.0
9905,69.0
9906,47.0
9907,39.0
9908,33.0
9909,39.0
9910,88.0
9911,62.0
9912,29.0
9913,46.0
9914,42.0
9915,8.0
9916,49.0
9917,7.0
9918,58.0
9919,9.0
9920,66.0
9921,34.0
9922,0.0
9923,43.0
9924,37.0
9925,39.0
9926,17.0
9927,52.0
9928,89.0
9929,39.0
9930,39.0
9931,36.0
9932,4.0
9933,20.0
9934,15.0
9935,68.0
9936,75.0
9937,55.0
9938,33.0
9939,39.0
9940,39.0
9941,27.0
9942,99.0
9943,11.0
9944,37.0
9945,19.0
9946,39.0
9947,16.0
9948,27.0
9949,74.0
9950,39.0
9951,59.0
9952,62.0
9953,23.0
9954,88.0
9955,30.0
9956,39.0
9957,39.0
9958,60.0
9959,39.0
9960,39.0
9961,78.0
9962,29.0
9963,39.0
9964,39.0
9965,75.0
9966,28.0
9967,19.0
9968,0.0
9969,54.0
9970,69.0
9971,39.0
9972,4.0
9973,53.0
9974,53.0
9975,31.0
9976,23.0
9977,86.0
9978,18.0
9979,51.0
9980,53.0
9981,17.0
9982,45.0
9983,24.0
9984,87.0
9985,52.0
9986,9.0
9987,39.0
9988,0.0
9989,39.0
9990,39.0
9991,17.0
9992,10.0
9993,39.0
9994,39.0
9995,39.0
9996,12.0
9997,39.0
9998,39.0
9999,39.0
